channelId,topicCategoryId
UCzzF1kdBgwv5RB6rbB6kVSA,14.0
UCzzF1kdBgwv5RB6rbB6kVSA,15.0
UCzzF1kdBgwv5RB6rbB6kVSA,12.0
UCzzF1kdBgwv5RB6rbB6kVSA,16.0
UCzybe_mMxv848rF6lrrNI2g,0.0
UCzybe_mMxv848rF6lrrNI2g,1.0
UCzybe_mMxv848rF6lrrNI2g,4.0
UCzxB97H_KbPwMoKjE0A33bg,23.0
UCzu8CMR8o5vF8yMLSZSkXFg,0.0
UCzu8CMR8o5vF8yMLSZSkXFg,1.0
UCzphhcCQ7QHAOkeydbWKm_w,30.0
UCzphhcCQ7QHAOkeydbWKm_w,5.0
UCzphhcCQ7QHAOkeydbWKm_w,23.0
UCzphhcCQ7QHAOkeydbWKm_w,25.0
UCzphhcCQ7QHAOkeydbWKm_w,45.0
UCzpFNL2b-U9JDBekoNnB4_Q,41.0
UCzpFNL2b-U9JDBekoNnB4_Q,42.0
UCzpFNL2b-U9JDBekoNnB4_Q,0.0
UCzmwnZ_ZElg6kuE6e5QS4pg,22.0
UCzmwnZ_ZElg6kuE6e5QS4pg,25.0
UCzmwnZ_ZElg6kuE6e5QS4pg,23.0
UCzYfz8uibvnB7Yc1LjePi4g,15.0
UCzYfz8uibvnB7Yc1LjePi4g,14.0
UCzYfz8uibvnB7Yc1LjePi4g,12.0
UCzYfz8uibvnB7Yc1LjePi4g,13.0
UCzY_sIOOHeCobumpqJrjdig,0.0
UCzY_sIOOHeCobumpqJrjdig,1.0
UCzU8-lZlRfkV3nj0RzAZdrQ,29.0
UCzU8-lZlRfkV3nj0RzAZdrQ,30.0
UCzRWWsFjqHk1an4OnVPsl9g,30.0
UCzRWWsFjqHk1an4OnVPsl9g,29.0
UCzRWWsFjqHk1an4OnVPsl9g,28.0
UCzIO0iX4yKW2P4NkmmKq1PA,22.0
UCzIO0iX4yKW2P4NkmmKq1PA,23.0
UCzH3H8sRfqH3rEVZcpTV2Cw,15.0
UCzH3H8sRfqH3rEVZcpTV2Cw,12.0
UCzH3H8sRfqH3rEVZcpTV2Cw,14.0
UCzH3H8sRfqH3rEVZcpTV2Cw,16.0
UCzEy7pi3B7TIS9cn_sdKK9A,15.0
UCzEy7pi3B7TIS9cn_sdKK9A,12.0
UCzEy7pi3B7TIS9cn_sdKK9A,16.0
UCzEy7pi3B7TIS9cn_sdKK9A,14.0
UCz6PEeVLG1TL6jMRTvSLm4g,22.0
UCz6PEeVLG1TL6jMRTvSLm4g,23.0
UCz0zSuukBglV2YwG3_7uKRg,23.0
UCz0zSuukBglV2YwG3_7uKRg,22.0
UCz0WHqCLIsbthm4klrR2NRg,29.0
UCz0WHqCLIsbthm4klrR2NRg,5.0
UCz0WHqCLIsbthm4klrR2NRg,30.0
UCz0WHqCLIsbthm4klrR2NRg,28.0
UCz-OH0v7eBY2-KVPCxHLojg,0.0
UCz-OH0v7eBY2-KVPCxHLojg,23.0
UCytuDduA8lQ8AqmRKk5r2Yg,14.0
UCytuDduA8lQ8AqmRKk5r2Yg,23.0
UCytuDduA8lQ8AqmRKk5r2Yg,22.0
UCyom2UA2ftfI2-JLN2zdGXg,4.0
UCyom2UA2ftfI2-JLN2zdGXg,0.0
UCyom2UA2ftfI2-JLN2zdGXg,1.0
UCylSSdB9eIs8w-cRtHZMREA,1.0
UCylSSdB9eIs8w-cRtHZMREA,0.0
UCyg4cz6Uo1q5oXJU_1SsNHw,0.0
UCybR149vtw40AjiQhvdckXg,30.0
UCybR149vtw40AjiQhvdckXg,23.0
UCybR149vtw40AjiQhvdckXg,28.0
UCySjheRcVJ21B3Jo3HcWMTQ,23.0
UCySjheRcVJ21B3Jo3HcWMTQ,22.0
UCyNzZ1wgkOWkzYE0zbs7zhA,16.0
UCyNzZ1wgkOWkzYE0zbs7zhA,14.0
UCyNzZ1wgkOWkzYE0zbs7zhA,12.0
UCyNzZ1wgkOWkzYE0zbs7zhA,15.0
UCyNsPTbcRQoI_RdjZoBiGaQ,1.0
UCyNsPTbcRQoI_RdjZoBiGaQ,0.0
UCyNsPTbcRQoI_RdjZoBiGaQ,1.0
UCyNsPTbcRQoI_RdjZoBiGaQ,0.0
UCyIjXN5TEaU-LzMT0iQx_ww,14.0
UCyIjXN5TEaU-LzMT0iQx_ww,20.0
UCy5YY4ove_brGfXphrhG15Q,30.0
UCy5YY4ove_brGfXphrhG15Q,29.0
UCy5YY4ove_brGfXphrhG15Q,28.0
UCy0tKL1T7wFoYcxCe0xjN6Q,22.0
UCy0tKL1T7wFoYcxCe0xjN6Q,23.0
UCy-U026m7Y5VjhhUmXwj-3A,23.0
UCy-U026m7Y5VjhhUmXwj-3A,30.0
UCy-U026m7Y5VjhhUmXwj-3A,28.0
UCy-U026m7Y5VjhhUmXwj-3A,29.0
UCxtmlJEOx5PcH701iM3RTeQ,44.0
UCxtmlJEOx5PcH701iM3RTeQ,42.0
UCxtmlJEOx5PcH701iM3RTeQ,41.0
UCxsk7hqE_CwZWGEJEkGanbA,15.0
UCxsk7hqE_CwZWGEJEkGanbA,16.0
UCxsk7hqE_CwZWGEJEkGanbA,14.0
UCxsk7hqE_CwZWGEJEkGanbA,12.0
UCxlQGwZmTfKJB1rgF7K7UXg,5.0
UCxlQGwZmTfKJB1rgF7K7UXg,30.0
UCxcTeAKWJca6XyJ37_ZoKIQ,28.0
UCxcTeAKWJca6XyJ37_ZoKIQ,29.0
UCxcTeAKWJca6XyJ37_ZoKIQ,4.0
UCxcTeAKWJca6XyJ37_ZoKIQ,30.0
UCxW0P1-4PTmZ1-u22kxbMgg,0.0
UCxW0P1-4PTmZ1-u22kxbMgg,1.0
UCxW0P1-4PTmZ1-u22kxbMgg,3.0
UCxRGk49YNiW3Cq8s7MGknqw,1.0
UCxRGk49YNiW3Cq8s7MGknqw,0.0
UCxRGk49YNiW3Cq8s7MGknqw,3.0
UCxB-FLDInYpclh7C7AT10aw,1.0
UCxB-FLDInYpclh7C7AT10aw,23.0
UCxB-FLDInYpclh7C7AT10aw,4.0
UCxB-FLDInYpclh7C7AT10aw,0.0
UCx6cailiCkg_mlMM7JX5yfA,23.0
UCx6cailiCkg_mlMM7JX5yfA,14.0
UCx6cailiCkg_mlMM7JX5yfA,22.0
UCx5YHlRtMvg2NgQaQcMUeDQ,1.0
UCx5YHlRtMvg2NgQaQcMUeDQ,0.0
UCx4MHIcTdwdcmJ5accSDlPA,23.0
UCx4MHIcTdwdcmJ5accSDlPA,22.0
UCx4MHIcTdwdcmJ5accSDlPA,25.0
UCx2StD8gHd_-nRo5z1qcJ8g,13.0
UCx2StD8gHd_-nRo5z1qcJ8g,16.0
UCx2StD8gHd_-nRo5z1qcJ8g,14.0
UCx2StD8gHd_-nRo5z1qcJ8g,17.0
UCx2StD8gHd_-nRo5z1qcJ8g,15.0
UCx2StD8gHd_-nRo5z1qcJ8g,12.0
UCx18ywTcohtS9lpNXt8noWQ,23.0
UCx18ywTcohtS9lpNXt8noWQ,30.0
UCx18ywTcohtS9lpNXt8noWQ,0.0
UCwwuSBYcErVlOpveYubHv4g,22.0
UCwwuSBYcErVlOpveYubHv4g,23.0
UCwdEr_DVvYp6Maf-OTw7z_w,23.0
UCwdEr_DVvYp6Maf-OTw7z_w,22.0
UCwdEr_DVvYp6Maf-OTw7z_w,14.0
UCwVJr6R-2Hbezs5Ur4zmcLw,16.0
UCwVJr6R-2Hbezs5Ur4zmcLw,12.0
UCwVJr6R-2Hbezs5Ur4zmcLw,14.0
UCwVJr6R-2Hbezs5Ur4zmcLw,19.0
UCwVJr6R-2Hbezs5Ur4zmcLw,13.0
UCwVJr6R-2Hbezs5Ur4zmcLw,15.0
UCwRt3xaI-szGZLLJc3YDwZQ,30.0
UCwRt3xaI-szGZLLJc3YDwZQ,5.0
UCwN6WZLeXWu37N8y-2w35mA,0.0
UCw8SISrWk-FboA_WnRrc4kw,1.0
UCw8SISrWk-FboA_WnRrc4kw,4.0
UCw8SISrWk-FboA_WnRrc4kw,0.0
UCw7UAa-27Ne1ps9JUCynZLQ,0.0
UCw7UAa-27Ne1ps9JUCynZLQ,4.0
UCw7UAa-27Ne1ps9JUCynZLQ,1.0
UCvz84_Q0BbvZThy75mbd-Dg,0.0
UCvz84_Q0BbvZThy75mbd-Dg,6.0
UCvz84_Q0BbvZThy75mbd-Dg,23.0
UCvqRdlKsE5Q8mf8YXbdIJLw,19.0
UCvqRdlKsE5Q8mf8YXbdIJLw,16.0
UCvqRdlKsE5Q8mf8YXbdIJLw,12.0
UCvqRdlKsE5Q8mf8YXbdIJLw,14.0
UCviiGBJxT6wXnFNdQw2B8hw,23.0
UCviiGBJxT6wXnFNdQw2B8hw,30.0
UCviiGBJxT6wXnFNdQw2B8hw,29.0
UCvgfXK4nTYKudb0rFR6noLA,30.0
UCvgfXK4nTYKudb0rFR6noLA,34.0
UCvgfXK4nTYKudb0rFR6noLA,23.0
UCvcRA2Hva1lULVf4GCouH8w,14.0
UCvcRA2Hva1lULVf4GCouH8w,22.0
UCvcRA2Hva1lULVf4GCouH8w,23.0
UCvWWf-LYjaujE50iYai8WgQ,22.0
UCvWWf-LYjaujE50iYai8WgQ,23.0
UCvVmWRN4y5qy8ssV5ZwqN1A,1.0
UCvVmWRN4y5qy8ssV5ZwqN1A,0.0
UCvUcTZ8x4xxE_hM-quyYu6w,0.0
UCvUcTZ8x4xxE_hM-quyYu6w,1.0
UCvURt1amfXhiH8lwRyGZDLw,28.0
UCvURt1amfXhiH8lwRyGZDLw,30.0
UCvURt1amfXhiH8lwRyGZDLw,23.0
UCvQ35id6_d0uUNUzPqAWqvg,0.0
UCvQ35id6_d0uUNUzPqAWqvg,1.0
UCvICJHzZEwb_9ckAMohAqzw,16.0
UCvICJHzZEwb_9ckAMohAqzw,0.0
UCvICJHzZEwb_9ckAMohAqzw,13.0
UCvICJHzZEwb_9ckAMohAqzw,14.0
UCvHm-lDQEhRJNCd8BdpzDkQ,32.0
UCvHm-lDQEhRJNCd8BdpzDkQ,30.0
UCvHm-lDQEhRJNCd8BdpzDkQ,23.0
UCvCfpQXRXdJdL07pzTIA6Cw,1.0
UCvCfpQXRXdJdL07pzTIA6Cw,0.0
UCuyhBZmYTgI9bjWVT-XBmrA,1.0
UCuyhBZmYTgI9bjWVT-XBmrA,4.0
UCuyhBZmYTgI9bjWVT-XBmrA,0.0
UCusImzfCu5DK_zhdrZaJHfw,4.0
UCusImzfCu5DK_zhdrZaJHfw,0.0
UCusImzfCu5DK_zhdrZaJHfw,1.0
UCulXXKKrC3LjQpxGNPNMFPA,19.0
UCulXXKKrC3LjQpxGNPNMFPA,16.0
UCulXXKKrC3LjQpxGNPNMFPA,15.0
UCulXXKKrC3LjQpxGNPNMFPA,14.0
UCulXXKKrC3LjQpxGNPNMFPA,12.0
UCujr_HrX3ThMb34DV5YXHIg,22.0
UCujr_HrX3ThMb34DV5YXHIg,25.0
UCujr_HrX3ThMb34DV5YXHIg,23.0
UCuaOBHj-80xvM7WHjC5J4Nw,4.0
UCuaOBHj-80xvM7WHjC5J4Nw,1.0
UCuaOBHj-80xvM7WHjC5J4Nw,0.0
UCuYUOEXwUKBtiE1pNoB40PA,30.0
UCuYUOEXwUKBtiE1pNoB40PA,29.0
UCuPR1dkaS2-LaBtdcHjNEig,34.0
UCuPR1dkaS2-LaBtdcHjNEig,30.0
UCuPR1dkaS2-LaBtdcHjNEig,23.0
UCuPR1dkaS2-LaBtdcHjNEig,33.0
UCuNgNRHKIiudXKPbTlvh0Pw,16.0
UCuNgNRHKIiudXKPbTlvh0Pw,14.0
UCuNgNRHKIiudXKPbTlvh0Pw,12.0
UCuNgNRHKIiudXKPbTlvh0Pw,13.0
UCuNgNRHKIiudXKPbTlvh0Pw,15.0
UCuJyaxv7V-HK4_qQzNK_BXQ,12.0
UCuJyaxv7V-HK4_qQzNK_BXQ,14.0
UCuJyaxv7V-HK4_qQzNK_BXQ,15.0
UCuJyaxv7V-HK4_qQzNK_BXQ,16.0
UCuHMnzqXMuvx2O2xRSyae4g,33.0
UCuHMnzqXMuvx2O2xRSyae4g,0.0
UCuHMnzqXMuvx2O2xRSyae4g,34.0
UCuHMnzqXMuvx2O2xRSyae4g,23.0
UCuHMnzqXMuvx2O2xRSyae4g,30.0
UCuFEqmjeNTP0uKrnGgZppcQ,30.0
UCuFEqmjeNTP0uKrnGgZppcQ,28.0
UCuFEqmjeNTP0uKrnGgZppcQ,29.0
UCuALfQGHNTaWvKWzxQX7nKQ,1.0
UCuALfQGHNTaWvKWzxQX7nKQ,3.0
UCuALfQGHNTaWvKWzxQX7nKQ,0.0
UCu2X0reOWT4fYPX3voJ_bmA,23.0
UCu-g2tqSoHVRx88WnISrOKg,23.0
UCtwOgy4vDxfGmsHR0YMVufg,14.0
UCtwOgy4vDxfGmsHR0YMVufg,16.0
UCtwOgy4vDxfGmsHR0YMVufg,15.0
UCtwOgy4vDxfGmsHR0YMVufg,12.0
UCtjitZkKk537mAP0v6z9Hng,0.0
UCtjitZkKk537mAP0v6z9Hng,1.0
UCtgSvfKUdRiHffYO-MrOczQ,0.0
UCtgSvfKUdRiHffYO-MrOczQ,3.0
UCtgSvfKUdRiHffYO-MrOczQ,8.0
UCtgSvfKUdRiHffYO-MrOczQ,23.0
UCtakRzTIzY8q7VL3KsT6ArA,14.0
UCtakRzTIzY8q7VL3KsT6ArA,23.0
UCtakRzTIzY8q7VL3KsT6ArA,22.0
UCtMVHI3AJD4Qk4hcbZnI9ZQ,26.0
UCtMVHI3AJD4Qk4hcbZnI9ZQ,22.0
UCtMVHI3AJD4Qk4hcbZnI9ZQ,23.0
UCtMVHI3AJD4Qk4hcbZnI9ZQ,14.0
UCtMVHI3AJD4Qk4hcbZnI9ZQ,23.0
UCtMVHI3AJD4Qk4hcbZnI9ZQ,14.0
UCtMVHI3AJD4Qk4hcbZnI9ZQ,26.0
UCtMVHI3AJD4Qk4hcbZnI9ZQ,22.0
UCtJqaNF7McbeDB1UJZ_nWJg,16.0
UCtJqaNF7McbeDB1UJZ_nWJg,19.0
UCtJqaNF7McbeDB1UJZ_nWJg,14.0
UCtJqaNF7McbeDB1UJZ_nWJg,12.0
UCtJqaNF7McbeDB1UJZ_nWJg,15.0
UCtGDd-EKik82lWHw-eKSB6w,22.0
UCtGDd-EKik82lWHw-eKSB6w,23.0
UCt9nYeSz90lnOnaVFjxFJzw,16.0
UCt9nYeSz90lnOnaVFjxFJzw,14.0
UCt9nYeSz90lnOnaVFjxFJzw,12.0
UCt9nYeSz90lnOnaVFjxFJzw,15.0
UCt9nYeSz90lnOnaVFjxFJzw,19.0
UCt7sv-NKh44rHAEb-qCCxvA,23.0
UCt7sv-NKh44rHAEb-qCCxvA,22.0
UCt0PorvEjHk91XbiTg5bH0w,0.0
UCt0PorvEjHk91XbiTg5bH0w,1.0
UCsvn_Po0SmunchJYOWpOxMg,12.0
UCsvn_Po0SmunchJYOWpOxMg,16.0
UCsvn_Po0SmunchJYOWpOxMg,14.0
UCsvn_Po0SmunchJYOWpOxMg,15.0
UCstQvkv_ZxqPybXHIz_HujA,0.0
UCstQvkv_ZxqPybXHIz_HujA,1.0
UCsmyBpeoqiSIG6U_zVzr2RA,23.0
UCsmyBpeoqiSIG6U_zVzr2RA,28.0
UCsmyBpeoqiSIG6U_zVzr2RA,29.0
UCsmyBpeoqiSIG6U_zVzr2RA,30.0
UCshvWbtwJ5z8DfRArsxXYyg,4.0
UCshvWbtwJ5z8DfRArsxXYyg,1.0
UCshvWbtwJ5z8DfRArsxXYyg,0.0
UCsNGtpqGsyw0U6qEG-WHadA,22.0
UCsNGtpqGsyw0U6qEG-WHadA,23.0
UCsNGtpqGsyw0U6qEG-WHadA,25.0
UCsBjURrPoezykLs9EqgamOA,23.0
UCsBjURrPoezykLs9EqgamOA,22.0
UCsBjURrPoezykLs9EqgamOA,24.0
UCsArRWQNGOhFAzLpKjowJ0g,22.0
UCsArRWQNGOhFAzLpKjowJ0g,23.0
UCsAT6ytJr-K1GzViLUzPtqw,0.0
UCsAT6ytJr-K1GzViLUzPtqw,1.0
UCsAT6ytJr-K1GzViLUzPtqw,4.0
UCsAMAOF4AMxFPAdBeiX7h6Q,0.0
UCsAMAOF4AMxFPAdBeiX7h6Q,1.0
UCs7-dtFffYCif5t0pNMU4Iw,0.0
UCs7-dtFffYCif5t0pNMU4Iw,30.0
UCs7-dtFffYCif5t0pNMU4Iw,23.0
UCs6um-skK0zCzp2Ds2IQp5g,0.0
UCs6um-skK0zCzp2Ds2IQp5g,1.0
UCrtLDp_JdjepmL0ziCF7v1Q,0.0
UCrtLDp_JdjepmL0ziCF7v1Q,23.0
UCrtLDp_JdjepmL0ziCF7v1Q,1.0
UCrnkVGy4jfo_qzBh5Wr3IuQ,3.0
UCrnkVGy4jfo_qzBh5Wr3IuQ,1.0
UCrnkVGy4jfo_qzBh5Wr3IuQ,0.0
UCrngywJZXtm7k4on53vnpwg,25.0
UCrngywJZXtm7k4on53vnpwg,22.0
UCrngywJZXtm7k4on53vnpwg,23.0
UCrfoHZm9EHP0vtt94xM7p1Q,12.0
UCrfoHZm9EHP0vtt94xM7p1Q,14.0
UCrfoHZm9EHP0vtt94xM7p1Q,16.0
UCrfoHZm9EHP0vtt94xM7p1Q,15.0
UCr_pNqrGbzmQj5dY6D6VHDQ,0.0
UCr_pNqrGbzmQj5dY6D6VHDQ,23.0
UCr_pNqrGbzmQj5dY6D6VHDQ,1.0
UCrYiyXzC_uQxWstZ5QuGdQw,30.0
UCrYiyXzC_uQxWstZ5QuGdQw,34.0
UCrYiyXzC_uQxWstZ5QuGdQw,0.0
UCrYiyXzC_uQxWstZ5QuGdQw,23.0
UCrWb3HFqXR_TCwqwGzjb90A,0.0
UCrWb3HFqXR_TCwqwGzjb90A,26.0
UCrWb3HFqXR_TCwqwGzjb90A,11.0
UCrPseYLGpNygVi34QpGNqpA,16.0
UCrPseYLGpNygVi34QpGNqpA,14.0
UCrPseYLGpNygVi34QpGNqpA,12.0
UCrPseYLGpNygVi34QpGNqpA,12.0
UCrPseYLGpNygVi34QpGNqpA,16.0
UCrPseYLGpNygVi34QpGNqpA,15.0
UCrPseYLGpNygVi34QpGNqpA,14.0
UCrPseYLGpNygVi34QpGNqpA,19.0
UCrPseYLGpNygVi34QpGNqpA,19.0
UCrPseYLGpNygVi34QpGNqpA,15.0
UCrMabu7HclTiDf5ZAgjHxqQ,1.0
UCrMabu7HclTiDf5ZAgjHxqQ,0.0
UCrMabu7HclTiDf5ZAgjHxqQ,23.0
UCrHJcn0pg8FdauI6feC1gGQ,15.0
UCrHJcn0pg8FdauI6feC1gGQ,12.0
UCrHJcn0pg8FdauI6feC1gGQ,16.0
UCrHJcn0pg8FdauI6feC1gGQ,14.0
UCr69YQf6M8yeiYEeGjZ711Q,0.0
UCr69YQf6M8yeiYEeGjZ711Q,1.0
UCr613nJgA50o8DUUT00qHvw,22.0
UCr613nJgA50o8DUUT00qHvw,14.0
UCr613nJgA50o8DUUT00qHvw,23.0
UCr4rcT2wBfz60SxCM5kyV_w,1.0
UCr4rcT2wBfz60SxCM5kyV_w,0.0
UCqzgacL7nIySy0KiAQJ7LLA,23.0
UCqzgacL7nIySy0KiAQJ7LLA,0.0
UCqzgacL7nIySy0KiAQJ7LLA,1.0
UCqzgacL7nIySy0KiAQJ7LLA,3.0
UCqpyFHhE13LsrG5qDknJcFQ,14.0
UCqpyFHhE13LsrG5qDknJcFQ,12.0
UCqpyFHhE13LsrG5qDknJcFQ,15.0
UCqpyFHhE13LsrG5qDknJcFQ,16.0
UCqps5ZXGM-kpBoJo-cNMs_Q,15.0
UCqps5ZXGM-kpBoJo-cNMs_Q,12.0
UCqps5ZXGM-kpBoJo-cNMs_Q,14.0
UCqps5ZXGM-kpBoJo-cNMs_Q,16.0
UCqpNrZf35zrOiK4vzI1v6hw,1.0
UCqpNrZf35zrOiK4vzI1v6hw,0.0
UCqcOzx6P_BuF4oyvZsaPunw,23.0
UCqcOzx6P_BuF4oyvZsaPunw,0.0
UCqcOzx6P_BuF4oyvZsaPunw,1.0
UCqZQlzSHbVJrwrn5XvzrzcA,5.0
UCqZQlzSHbVJrwrn5XvzrzcA,30.0
UCqZQlzSHbVJrwrn5XvzrzcA,28.0
UCqZQlzSHbVJrwrn5XvzrzcA,4.0
UCqZQlzSHbVJrwrn5XvzrzcA,29.0
UCqWz3yRAj-JbCFFCq0jms0Q,26.0
UCqWz3yRAj-JbCFFCq0jms0Q,11.0
UCqWz3yRAj-JbCFFCq0jms0Q,0.0
UCqVCSWnuOSPm26orvNDTuWQ,15.0
UCqVCSWnuOSPm26orvNDTuWQ,16.0
UCqVCSWnuOSPm26orvNDTuWQ,12.0
UCqVCSWnuOSPm26orvNDTuWQ,14.0
UCqVCSWnuOSPm26orvNDTuWQ,19.0
UCqT2dH0cAodHongXFv7wU9Q,4.0
UCqT2dH0cAodHongXFv7wU9Q,1.0
UCqT2dH0cAodHongXFv7wU9Q,0.0
UCqQo7ewe87aYAe7ub5UqXMw,5.0
UCqQo7ewe87aYAe7ub5UqXMw,30.0
UCqFzWxSCi39LnW1JKFR3efg,1.0
UCqFzWxSCi39LnW1JKFR3efg,4.0
UCqFzWxSCi39LnW1JKFR3efg,0.0
UCq8e-sbPDisoWAWgv1wdtUA,1.0
UCq8e-sbPDisoWAWgv1wdtUA,3.0
UCq8e-sbPDisoWAWgv1wdtUA,0.0
UCq6VFHwMzcMXbuKyG7SQYIg,12.0
UCq6VFHwMzcMXbuKyG7SQYIg,15.0
UCq6VFHwMzcMXbuKyG7SQYIg,14.0
UCq6VFHwMzcMXbuKyG7SQYIg,16.0
UCq-ZvpCLekNUJpD3iem0zDQ,16.0
UCq-ZvpCLekNUJpD3iem0zDQ,15.0
UCq-ZvpCLekNUJpD3iem0zDQ,12.0
UCq-ZvpCLekNUJpD3iem0zDQ,14.0
UCpuT8AlP9P9EgW_pZ0_xInQ,0.0
UCpuT8AlP9P9EgW_pZ0_xInQ,23.0
UCptwuAv0XQHo1OQUSaO6NHw,23.0
UCptwuAv0XQHo1OQUSaO6NHw,22.0
UCpqXJOEqGS-TCnazcHCo0rA,15.0
UCpqXJOEqGS-TCnazcHCo0rA,12.0
UCpqXJOEqGS-TCnazcHCo0rA,14.0
UCpqXJOEqGS-TCnazcHCo0rA,16.0
UCpfmJn3TfVq3FJ3OctsDEjw,0.0
UCpfmJn3TfVq3FJ3OctsDEjw,1.0
UCpfmJn3TfVq3FJ3OctsDEjw,4.0
UCp_5PO66faM4dBFbFFBdPSQ,23.0
UCp_5PO66faM4dBFbFFBdPSQ,22.0
UCp_5PO66faM4dBFbFFBdPSQ,25.0
UCpZy-Hfqcxf-R7nQzlv9Bvw,23.0
UCpZy-Hfqcxf-R7nQzlv9Bvw,22.0
UCpS5n1SryNAwKNW3p-ok6ag,28.0
UCpS5n1SryNAwKNW3p-ok6ag,23.0
UCpS5n1SryNAwKNW3p-ok6ag,29.0
UCpS5n1SryNAwKNW3p-ok6ag,30.0
UCpMb_pfabjR1BuUMebtM4KQ,1.0
UCpMb_pfabjR1BuUMebtM4KQ,0.0
UCpENn7TT13Ft1Kk1urXY12g,15.0
UCpENn7TT13Ft1Kk1urXY12g,14.0
UCpENn7TT13Ft1Kk1urXY12g,16.0
UCpENn7TT13Ft1Kk1urXY12g,19.0
UCpENn7TT13Ft1Kk1urXY12g,12.0
UCpD1JD5uUDg8vBpLHlXxzwQ,23.0
UCpD1JD5uUDg8vBpLHlXxzwQ,0.0
UCpD1JD5uUDg8vBpLHlXxzwQ,22.0
UCpAH7Q2b5JAQSMTULGnI7dg,1.0
UCpAH7Q2b5JAQSMTULGnI7dg,0.0
UCp57F5CkOeM18OrlIf_G5Qw,0.0
UCp57F5CkOeM18OrlIf_G5Qw,1.0
UCp57F5CkOeM18OrlIf_G5Qw,3.0
UCp1WLdyf-HyM5umAkVyWtIw,26.0
UCp1WLdyf-HyM5umAkVyWtIw,0.0
UCp1VWSTrt2cUBInkn4dUmDA,15.0
UCp1VWSTrt2cUBInkn4dUmDA,14.0
UCp1VWSTrt2cUBInkn4dUmDA,16.0
UCp1VWSTrt2cUBInkn4dUmDA,12.0
UCozwejESfvl88CBBL0KgEhw,24.0
UCozwejESfvl88CBBL0KgEhw,26.0
UCozJ0aIe6xasoYC4p8XOvcw,0.0
UCozJ0aIe6xasoYC4p8XOvcw,1.0
UCoyVbUZN4mYeRhYGlWbKSkw,0.0
UCoyVbUZN4mYeRhYGlWbKSkw,1.0
UCoyVbUZN4mYeRhYGlWbKSkw,4.0
UCoyVbUZN4mYeRhYGlWbKSkw,23.0
UCovgFzicwHQXCNRonAoe1aQ,0.0
UCovgFzicwHQXCNRonAoe1aQ,10.0
UCovgFzicwHQXCNRonAoe1aQ,1.0
UCooVYzDxdwTtGYAkcPmOgOw,16.0
UCooVYzDxdwTtGYAkcPmOgOw,14.0
UConDa0_TOYfTDR3SrMTkjfg,4.0
UConDa0_TOYfTDR3SrMTkjfg,0.0
UConDa0_TOYfTDR3SrMTkjfg,1.0
UCok_HjOel5ODVI76l0yHaOA,30.0
UCok_HjOel5ODVI76l0yHaOA,5.0
UCojWSp08LqMhqN4-Gn79K4g,1.0
UCojWSp08LqMhqN4-Gn79K4g,23.0
UCojWSp08LqMhqN4-Gn79K4g,0.0
UCoi3Uk6JtP9QgA5BRwnh6NQ,22.0
UCoi3Uk6JtP9QgA5BRwnh6NQ,23.0
UCoaKXKkWgt700_ENDN3PEYw,22.0
UCoaKXKkWgt700_ENDN3PEYw,23.0
UCoZQiN0o7f36H7PaW4fVhFw,23.0
UCoZQiN0o7f36H7PaW4fVhFw,22.0
UCoZQiN0o7f36H7PaW4fVhFw,14.0
UCoLrcjPV5PbUrUyXq5mjc_A,32.0
UCoLrcjPV5PbUrUyXq5mjc_A,30.0
UCoLrcjPV5PbUrUyXq5mjc_A,23.0
UCoKFBIpf65_knnZyB77Ecwg,30.0
UCoKFBIpf65_knnZyB77Ecwg,23.0
UCoKFBIpf65_knnZyB77Ecwg,5.0
UCoJfvP-9f1Ztq_zb-i1TLzA,1.0
UCoJfvP-9f1Ztq_zb-i1TLzA,0.0
UCoJP9pYqZjiJOlR4UWdPhow,22.0
UCoJP9pYqZjiJOlR4UWdPhow,23.0
UCoJP9pYqZjiJOlR4UWdPhow,25.0
UCoIXnB865l9Ex9zs4OIXTdQ,12.0
UCoIXnB865l9Ex9zs4OIXTdQ,14.0
UCoIXnB865l9Ex9zs4OIXTdQ,15.0
UCoIXnB865l9Ex9zs4OIXTdQ,16.0
UCoA3lm9UTWDWK8Z1kcoWQcA,5.0
UCoA3lm9UTWDWK8Z1kcoWQcA,30.0
UCo5ij6AzLdebmBbqfPIzr8g,14.0
UCo5ij6AzLdebmBbqfPIzr8g,0.0
UCo5ij6AzLdebmBbqfPIzr8g,1.0
UCnzi4YrXHlSsSlsQ3cTThbQ,30.0
UCnzi4YrXHlSsSlsQ3cTThbQ,0.0
UCnuf06xsaSO8f2svzMENyBw,15.0
UCnuf06xsaSO8f2svzMENyBw,19.0
UCnuf06xsaSO8f2svzMENyBw,14.0
UCnuf06xsaSO8f2svzMENyBw,12.0
UCnuf06xsaSO8f2svzMENyBw,16.0
UCnpdLn1-k-DcyWi0bNezRig,30.0
UCnpdLn1-k-DcyWi0bNezRig,29.0
UCng0vTdvLr3u1wuoyfLqaqg,23.0
UCng0vTdvLr3u1wuoyfLqaqg,40.0
UCnfWi7eVPFm8xGWfBT1zjeQ,22.0
UCnfWi7eVPFm8xGWfBT1zjeQ,14.0
UCnfWi7eVPFm8xGWfBT1zjeQ,23.0
UCn_MzTa4Am75VSAHjbGD7lA,1.0
UCn_MzTa4Am75VSAHjbGD7lA,0.0
UCnQKHXy3642l9hUmZyedkjw,22.0
UCnQKHXy3642l9hUmZyedkjw,23.0
UCnDONfQl7FK6hNQ3K6SZZ3Q,42.0
UCnDONfQl7FK6hNQ3K6SZZ3Q,44.0
UCnDONfQl7FK6hNQ3K6SZZ3Q,0.0
UCnDONfQl7FK6hNQ3K6SZZ3Q,50.0
UCmY6t25uVbXIDTizjfLBI4Q,15.0
UCmY6t25uVbXIDTizjfLBI4Q,12.0
UCmY6t25uVbXIDTizjfLBI4Q,14.0
UCmY6t25uVbXIDTizjfLBI4Q,19.0
UCmY6t25uVbXIDTizjfLBI4Q,16.0
UCmXQs4aZSk4eL5MIimvwMVQ,0.0
UCmXQs4aZSk4eL5MIimvwMVQ,1.0
UCmXQs4aZSk4eL5MIimvwMVQ,3.0
UCmNMxZqiWk3ZX8SDhSgLHlQ,29.0
UCmNMxZqiWk3ZX8SDhSgLHlQ,30.0
UCmNMxZqiWk3ZX8SDhSgLHlQ,28.0
UCmKjMXJbTeo1UJeZ3ug9xrw,0.0
UCmKjMXJbTeo1UJeZ3ug9xrw,8.0
UCmKjMXJbTeo1UJeZ3ug9xrw,9.0
UCmKjMXJbTeo1UJeZ3ug9xrw,23.0
UCmKjMXJbTeo1UJeZ3ug9xrw,30.0
UCmG2EhfOwSjpPMX4LjGY__A,16.0
UCmG2EhfOwSjpPMX4LjGY__A,19.0
UCmG2EhfOwSjpPMX4LjGY__A,12.0
UCmG2EhfOwSjpPMX4LjGY__A,14.0
UCmFsiRnz_1vEckgMchPdXug,23.0
UCmFsiRnz_1vEckgMchPdXug,34.0
UCmFsiRnz_1vEckgMchPdXug,33.0
UCmFsiRnz_1vEckgMchPdXug,30.0
UCmEif6jmFPLsOKJozos7XdQ,7.0
UCmEif6jmFPLsOKJozos7XdQ,0.0
UCmEif6jmFPLsOKJozos7XdQ,23.0
UCmEif6jmFPLsOKJozos7XdQ,1.0
UCmECbpAj-Zf9uh1wn0N2FHg,30.0
UCmECbpAj-Zf9uh1wn0N2FHg,0.0
UCmECbpAj-Zf9uh1wn0N2FHg,29.0
UCm-br7GkJR2lLC74RcxOE_g,1.0
UCm-br7GkJR2lLC74RcxOE_g,0.0
UCm-X6o81nRsXQTmqpyArkBQ,14.0
UCm-X6o81nRsXQTmqpyArkBQ,15.0
UCm-X6o81nRsXQTmqpyArkBQ,16.0
UCm-X6o81nRsXQTmqpyArkBQ,12.0
UClyGlKOhDUooPJFy4v_mqPg,16.0
UClyGlKOhDUooPJFy4v_mqPg,14.0
UClyGlKOhDUooPJFy4v_mqPg,12.0
UClyGlKOhDUooPJFy4v_mqPg,15.0
UClvGDD_RWs6yfzK8A_6OCMA,4.0
UClvGDD_RWs6yfzK8A_6OCMA,1.0
UClvGDD_RWs6yfzK8A_6OCMA,0.0
UCluBPogtFcb25J_lAEquHhw,1.0
UCluBPogtFcb25J_lAEquHhw,0.0
UClecvVRSry_L07QSCHK4arg,3.0
UClecvVRSry_L07QSCHK4arg,4.0
UClecvVRSry_L07QSCHK4arg,0.0
UClecvVRSry_L07QSCHK4arg,1.0
UClbllR4Tx-lhYJyrpu1sA4A,19.0
UClbllR4Tx-lhYJyrpu1sA4A,15.0
UClbllR4Tx-lhYJyrpu1sA4A,14.0
UClbllR4Tx-lhYJyrpu1sA4A,12.0
UClbllR4Tx-lhYJyrpu1sA4A,16.0
UClaiE2wNjrz1oUzBWysap3Q,30.0
UClaiE2wNjrz1oUzBWysap3Q,33.0
UClaiE2wNjrz1oUzBWysap3Q,23.0
UClaiE2wNjrz1oUzBWysap3Q,31.0
UClaQTfyXUl2CR1HYx0uVnRQ,30.0
UClaQTfyXUl2CR1HYx0uVnRQ,19.0
UClaQTfyXUl2CR1HYx0uVnRQ,14.0
UClaQTfyXUl2CR1HYx0uVnRQ,20.0
UClZGwXC47D2SCQIQN9TJw4g,30.0
UClZGwXC47D2SCQIQN9TJw4g,5.0
UClTNkCISsGIukg8A79tjCOA,0.0
UClTNkCISsGIukg8A79tjCOA,23.0
UClQQoervgLHV2pAOxHJ16NA,23.0
UClQQoervgLHV2pAOxHJ16NA,22.0
UClOf1XXinvZsy4wKPAkro2A,16.0
UClOf1XXinvZsy4wKPAkro2A,14.0
UClOf1XXinvZsy4wKPAkro2A,15.0
UClOf1XXinvZsy4wKPAkro2A,19.0
UClOf1XXinvZsy4wKPAkro2A,12.0
UClCvmntMJCrerMDSc1WQGNg,14.0
UClCvmntMJCrerMDSc1WQGNg,15.0
UClCvmntMJCrerMDSc1WQGNg,12.0
UClCvmntMJCrerMDSc1WQGNg,16.0
UCl9E4Zxa8CVr2LBLD0_TaNg,30.0
UCl9E4Zxa8CVr2LBLD0_TaNg,32.0
UCl9E4Zxa8CVr2LBLD0_TaNg,49.0
UCl0dAq1S5Pv3cw53nFo_aWg,22.0
UCl0dAq1S5Pv3cw53nFo_aWg,23.0
UCkz3CAJxsszcjceBW49_QDA,23.0
UCkyRXzzqd2DQVRu4xnc0GnA,12.0
UCkyRXzzqd2DQVRu4xnc0GnA,16.0
UCkyRXzzqd2DQVRu4xnc0GnA,15.0
UCkyRXzzqd2DQVRu4xnc0GnA,14.0
UCkr6cLAnZiz5NH0NzjNK8rg,23.0
UCkr6cLAnZiz5NH0NzjNK8rg,22.0
UCkkA6t7xkD95npYIZ_is8Zw,0.0
UCkkA6t7xkD95npYIZ_is8Zw,1.0
UCkkA6t7xkD95npYIZ_is8Zw,4.0
UCke6I9N4KfC968-yRcd5YRg,12.0
UCke6I9N4KfC968-yRcd5YRg,19.0
UCke6I9N4KfC968-yRcd5YRg,15.0
UCke6I9N4KfC968-yRcd5YRg,14.0
UCke6I9N4KfC968-yRcd5YRg,16.0
UCkdAGB4_ce5JopRf1Gz_5VA,28.0
UCkdAGB4_ce5JopRf1Gz_5VA,30.0
UCkdAGB4_ce5JopRf1Gz_5VA,23.0
UCkWQ0gDrqOCarmUKmppD7GQ,22.0
UCkWQ0gDrqOCarmUKmppD7GQ,23.0
UCkWQ0gDrqOCarmUKmppD7GQ,14.0
UCkSVnUZq3q14lVajaQAlLpA,23.0
UCkSVnUZq3q14lVajaQAlLpA,22.0
UCkK4Tzb9ieuAhcyWUZnLBBQ,14.0
UCkK4Tzb9ieuAhcyWUZnLBBQ,22.0
UCkK4Tzb9ieuAhcyWUZnLBBQ,23.0
UCkCfG7i4uTFVp2-mgJmSb0w,4.0
UCkCfG7i4uTFVp2-mgJmSb0w,1.0
UCkCfG7i4uTFVp2-mgJmSb0w,0.0
UCk9lx4sKRQCDTyXFaouk_vQ,23.0
UCk9lx4sKRQCDTyXFaouk_vQ,30.0
UCk9lx4sKRQCDTyXFaouk_vQ,33.0
UCk9lx4sKRQCDTyXFaouk_vQ,34.0
UCjxJCfrpA_Mv-In6p42SvQw,14.0
UCjxJCfrpA_Mv-In6p42SvQw,23.0
UCjiXtODGCCulmhwypZAWSag,16.0
UCjiXtODGCCulmhwypZAWSag,14.0
UCjiXtODGCCulmhwypZAWSag,15.0
UCjiXtODGCCulmhwypZAWSag,12.0
UCjdvPP6bIMctgtP4fa7XXvA,4.0
UCjdvPP6bIMctgtP4fa7XXvA,1.0
UCjdvPP6bIMctgtP4fa7XXvA,0.0
UCjbeif8Qkf4sVZG0QgY1qHg,1.0
UCjbeif8Qkf4sVZG0QgY1qHg,0.0
UCjU7AreEw9dXtCBc1uOpaTg,14.0
UCjM-M-tIyKvu1TusOohiqTw,1.0
UCjM-M-tIyKvu1TusOohiqTw,0.0
UCjM-M-tIyKvu1TusOohiqTw,23.0
UCjEqklvNFQYeqUPEmLY30jg,22.0
UCjEqklvNFQYeqUPEmLY30jg,24.0
UCjEqklvNFQYeqUPEmLY30jg,23.0
UCj7ML5-da-bCCcHz0ipUmYQ,23.0
UCj7ML5-da-bCCcHz0ipUmYQ,22.0
UCj4zC1Hfj-uc90FUXzRamNw,12.0
UCj4zC1Hfj-uc90FUXzRamNw,16.0
UCj4zC1Hfj-uc90FUXzRamNw,14.0
UCj4zC1Hfj-uc90FUXzRamNw,15.0
UCiio0ydw439X13KyZgMIcHw,28.0
UCiio0ydw439X13KyZgMIcHw,29.0
UCiio0ydw439X13KyZgMIcHw,4.0
UCiio0ydw439X13KyZgMIcHw,30.0
UCifRgVk-GEo1_vvf8x53t6A,15.0
UCifRgVk-GEo1_vvf8x53t6A,14.0
UCifRgVk-GEo1_vvf8x53t6A,12.0
UCifRgVk-GEo1_vvf8x53t6A,16.0
UCicx_4RfqfiM07AXLv09Hww,15.0
UCicx_4RfqfiM07AXLv09Hww,12.0
UCicx_4RfqfiM07AXLv09Hww,14.0
UCicx_4RfqfiM07AXLv09Hww,16.0
UCiaJncjYqE_xocX_YXoENxQ,1.0
UCiaJncjYqE_xocX_YXoENxQ,14.0
UCiaJncjYqE_xocX_YXoENxQ,0.0
UCiWLfSweyRNmLpgEHekhoAg,28.0
UCiWLfSweyRNmLpgEHekhoAg,30.0
UCiWLfSweyRNmLpgEHekhoAg,5.0
UCiWLfSweyRNmLpgEHekhoAg,4.0
UCiQMYozSSTkJ2twtZM1bG9w,22.0
UCiQMYozSSTkJ2twtZM1bG9w,23.0
UCiOAIrsZmYgOd0GA2QKI7wQ,0.0
UCiOAIrsZmYgOd0GA2QKI7wQ,1.0
UCiOAIrsZmYgOd0GA2QKI7wQ,3.0
UCiMg6RqrpxydecVeQNHihxg,0.0
UCiMg6RqrpxydecVeQNHihxg,23.0
UCiKNvzMjBFowg5Sj6pevymA,23.0
UCiKNvzMjBFowg5Sj6pevymA,22.0
UCiKNvzMjBFowg5Sj6pevymA,14.0
UCiIhoHKPMHm0tpga58IBQNQ,23.0
UCiIhoHKPMHm0tpga58IBQNQ,22.0
UCiHkQyzoaCTWFc4Acmpknlg,1.0
UCiHkQyzoaCTWFc4Acmpknlg,0.0
UCiER8p540j2SosO7OX7E0VA,23.0
UCiER8p540j2SosO7OX7E0VA,14.0
UCiER8p540j2SosO7OX7E0VA,0.0
UCiER8p540j2SosO7OX7E0VA,3.0
UCiER8p540j2SosO7OX7E0VA,1.0
UCiC38Llz5e3qR6EaQAGlWvw,16.0
UCiC38Llz5e3qR6EaQAGlWvw,22.0
UCiC38Llz5e3qR6EaQAGlWvw,14.0
UCiC38Llz5e3qR6EaQAGlWvw,23.0
UCi7wDE2ZTiR5QYYrUY5WhtA,23.0
UCi7wDE2ZTiR5QYYrUY5WhtA,22.0
UCi7eZm4CkFiLEZ4tF4Er4lA,22.0
UCi7eZm4CkFiLEZ4tF4Er4lA,23.0
UCi70PpB6kKKMvPXkalau2nQ,23.0
UCi70PpB6kKKMvPXkalau2nQ,22.0
UCi0EzMkJRa9qAM19TAxOCNg,30.0
UCi0EzMkJRa9qAM19TAxOCNg,0.0
UCi-INxdmFSrTrT95xU0sBpg,29.0
UCi-INxdmFSrTrT95xU0sBpg,28.0
UCi-INxdmFSrTrT95xU0sBpg,5.0
UCi-INxdmFSrTrT95xU0sBpg,30.0
UCi-INxdmFSrTrT95xU0sBpg,32.0
UChKoCiT0eebQ-844sQiihyQ,0.0
UChKoCiT0eebQ-844sQiihyQ,4.0
UChKoCiT0eebQ-844sQiihyQ,1.0
UChK0KzE7fazKdo4IfLBk9RQ,12.0
UChK0KzE7fazKdo4IfLBk9RQ,16.0
UChK0KzE7fazKdo4IfLBk9RQ,14.0
UChK0KzE7fazKdo4IfLBk9RQ,15.0
UChIs72whgZI9w6d6FhwGGHA,14.0
UChIs72whgZI9w6d6FhwGGHA,22.0
UChIs72whgZI9w6d6FhwGGHA,23.0
UChIZGfcnjHI0DG4nweWEduw,14.0
UChIZGfcnjHI0DG4nweWEduw,23.0
UChIZGfcnjHI0DG4nweWEduw,22.0
UChHxJaKDqH4bOs0pX3hkKnA,22.0
UChHxJaKDqH4bOs0pX3hkKnA,14.0
UChHxJaKDqH4bOs0pX3hkKnA,16.0
UChHxJaKDqH4bOs0pX3hkKnA,12.0
UChHxJaKDqH4bOs0pX3hkKnA,15.0
UChFs0d8syPIK6x8q4C6BrJw,23.0
UChFs0d8syPIK6x8q4C6BrJw,3.0
UChFs0d8syPIK6x8q4C6BrJw,0.0
UChFs0d8syPIK6x8q4C6BrJw,1.0
UChFmE1R8i2unrefvok0YCoQ,0.0
UChFmE1R8i2unrefvok0YCoQ,23.0
UChDKyKQ59fYz3JO2fl0Z6sg,0.0
UChDKyKQ59fYz3JO2fl0Z6sg,26.0
UChDKyKQ59fYz3JO2fl0Z6sg,11.0
UChDKyKQ59fYz3JO2fl0Z6sg,4.0
UChBGZi34UAE-Mw5-_JoA6-A,4.0
UChBGZi34UAE-Mw5-_JoA6-A,1.0
UChBGZi34UAE-Mw5-_JoA6-A,0.0
UChAu6Cof9KlfFxSbL9ytosQ,23.0
UChAu6Cof9KlfFxSbL9ytosQ,22.0
UChAfiOC-eK1y8r6pw2XGFKA,0.0
UChAfiOC-eK1y8r6pw2XGFKA,3.0
UCh5mLn90vUaB1PbRRx_AiaA,16.0
UCh5mLn90vUaB1PbRRx_AiaA,0.0
UCh5mLn90vUaB1PbRRx_AiaA,14.0
UCh5mLn90vUaB1PbRRx_AiaA,1.0
UCgyqtNWZmIxTx3b6OxTSALw,22.0
UCgyqtNWZmIxTx3b6OxTSALw,23.0
UCgrwoQLB05bykIs_s82Eyjw,32.0
UCgrwoQLB05bykIs_s82Eyjw,30.0
UCgrwoQLB05bykIs_s82Eyjw,1.0
UCgrwoQLB05bykIs_s82Eyjw,0.0
UCgrwoQLB05bykIs_s82Eyjw,23.0
UCgm5K42ZzULcqy3enBPip8g,30.0
UCgm5K42ZzULcqy3enBPip8g,28.0
UCgfxjUYBKLUUjq0oE7DU-Iw,30.0
UCgfxjUYBKLUUjq0oE7DU-Iw,29.0
UCgfPHIaCoWc8SHDVYH_z9yg,23.0
UCgfPHIaCoWc8SHDVYH_z9yg,14.0
UCgdTVe88YVSrOZ9qKumhULQ,22.0
UCgdTVe88YVSrOZ9qKumhULQ,23.0
UCgdTVe88YVSrOZ9qKumhULQ,14.0
UCgaGxe-3-LlPPLwelKOUYsA,22.0
UCgaGxe-3-LlPPLwelKOUYsA,23.0
UCgRHYxFhV_SjP1wBO6_OTuw,0.0
UCgRHYxFhV_SjP1wBO6_OTuw,1.0
UCgNxl1L22_1LVbQmQ6J23tQ,34.0
UCgNxl1L22_1LVbQmQ6J23tQ,33.0
UCgNxl1L22_1LVbQmQ6J23tQ,23.0
UCgNxl1L22_1LVbQmQ6J23tQ,30.0
UCgDqL4yzXb4BflimZaxL4Vg,22.0
UCgDqL4yzXb4BflimZaxL4Vg,23.0
UCg6gPGh8HU2U01vaFCAsvmQ,22.0
UCg6gPGh8HU2U01vaFCAsvmQ,23.0
UCg5imEqLU79i9XTOS1NE38g,30.0
UCg5imEqLU79i9XTOS1NE38g,29.0
UCfi-mPMOmche6WI-jkvnGXw,23.0
UCfi-mPMOmche6WI-jkvnGXw,30.0
UCfi-mPMOmche6WI-jkvnGXw,35.0
UCf_suVrG2dA5BTjJhNLwthQ,23.0
UCf_suVrG2dA5BTjJhNLwthQ,14.0
UCf_suVrG2dA5BTjJhNLwthQ,22.0
UCf_suVrG2dA5BTjJhNLwthQ,25.0
UCfOrKQtC1tDfGf_fFVb8pYw,22.0
UCfOrKQtC1tDfGf_fFVb8pYw,14.0
UCfOrKQtC1tDfGf_fFVb8pYw,23.0
UCfJRkBBiPtKZyZn_3PxWaiQ,24.0
UCfJRkBBiPtKZyZn_3PxWaiQ,23.0
UCfJRkBBiPtKZyZn_3PxWaiQ,22.0
UCfGksnNNmDKXQPa1Tu8MnOQ,0.0
UCfGksnNNmDKXQPa1Tu8MnOQ,1.0
UCf1xbWF6qY4__ugSt7B1UEQ,29.0
UCf1xbWF6qY4__ugSt7B1UEQ,30.0
UCf1xbWF6qY4__ugSt7B1UEQ,49.0
UCf-z09Umbl8I21CwMpTLoyQ,22.0
UCf-z09Umbl8I21CwMpTLoyQ,14.0
UCf-z09Umbl8I21CwMpTLoyQ,23.0
UCezVlvtt6ExPAUHgR9m1qHw,9.0
UCezVlvtt6ExPAUHgR9m1qHw,30.0
UCezVlvtt6ExPAUHgR9m1qHw,23.0
UCezVlvtt6ExPAUHgR9m1qHw,34.0
UCel2B-6wZhvQHRAKXmpm1Ew,14.0
UCel2B-6wZhvQHRAKXmpm1Ew,16.0
UCel2B-6wZhvQHRAKXmpm1Ew,12.0
UCel2B-6wZhvQHRAKXmpm1Ew,15.0
UCeikp7aPCip7YW9tCA3ilBg,36.0
UCeikp7aPCip7YW9tCA3ilBg,40.0
UCeikp7aPCip7YW9tCA3ilBg,30.0
UCeikp7aPCip7YW9tCA3ilBg,23.0
UCeeFfhMcJa1kjtfZAGskOCA,23.0
UCeeFfhMcJa1kjtfZAGskOCA,22.0
UCeKOGzYzL2JKUpW1IxS-jCA,3.0
UCeKOGzYzL2JKUpW1IxS-jCA,1.0
UCeKOGzYzL2JKUpW1IxS-jCA,0.0
UCeKOGzYzL2JKUpW1IxS-jCA,23.0
UCeI--jINF0G1jmDVjT2PX_Q,30.0
UCeI--jINF0G1jmDVjT2PX_Q,23.0
UCeI--jINF0G1jmDVjT2PX_Q,5.0
UCeHypU5kgLh35EclFY7-Nsw,30.0
UCeHypU5kgLh35EclFY7-Nsw,28.0
UCeHypU5kgLh35EclFY7-Nsw,23.0
UCeBPTBz1oRnsWsUBnKNNKNw,12.0
UCeBPTBz1oRnsWsUBnKNNKNw,15.0
UCeBPTBz1oRnsWsUBnKNNKNw,14.0
UCeBPTBz1oRnsWsUBnKNNKNw,16.0
UCe1Aj6VEO299Yq4WkXdoD3Q,25.0
UCe1Aj6VEO299Yq4WkXdoD3Q,23.0
UCdq1pK4Ewe6niThqjEN0p6A,23.0
UCdq1pK4Ewe6niThqjEN0p6A,4.0
UCdq1pK4Ewe6niThqjEN0p6A,0.0
UCdq1pK4Ewe6niThqjEN0p6A,1.0
UCdiIWLElRVvZc4hDe1CMKAg,0.0
UCdiIWLElRVvZc4hDe1CMKAg,1.0
UCdbCeEaxF0_vE3FK_cfXkKQ,30.0
UCdbCeEaxF0_vE3FK_cfXkKQ,23.0
UCdbCeEaxF0_vE3FK_cfXkKQ,0.0
UCdbCeEaxF0_vE3FK_cfXkKQ,34.0
UCd_EkHbEutirFl_XSrg95kA,30.0
UCd_EkHbEutirFl_XSrg95kA,5.0
UCdZP_6QvuYiHi4yLufgZUNg,22.0
UCdZP_6QvuYiHi4yLufgZUNg,23.0
UCdVcQc_gdaXhlFx3UvG8pjA,0.0
UCdUl_bahs2CptEdW0us2TRA,3.0
UCdUl_bahs2CptEdW0us2TRA,0.0
UCdUl_bahs2CptEdW0us2TRA,1.0
UCdMtxK-E95EbWuhXCOdAXRA,0.0
UCdMtxK-E95EbWuhXCOdAXRA,23.0
UCdIFTflafikgEEUuKZia3jQ,28.0
UCdIFTflafikgEEUuKZia3jQ,30.0
UCdIFTflafikgEEUuKZia3jQ,23.0
UCdHgqtc0BjWDLVXNeNICAlw,0.0
UCdHgqtc0BjWDLVXNeNICAlw,4.0
UCdHgqtc0BjWDLVXNeNICAlw,1.0
UCdBK94H6oZT2Q7l0-b0xmMg,14.0
UCdBK94H6oZT2Q7l0-b0xmMg,22.0
UCdBK94H6oZT2Q7l0-b0xmMg,23.0
UCd7Ej52S393Mc34mSL0nRcg,12.0
UCd7Ej52S393Mc34mSL0nRcg,22.0
UCd7Ej52S393Mc34mSL0nRcg,23.0
UCd7Ej52S393Mc34mSL0nRcg,14.0
UCd6vEDS3SOhWbXZrxbrf_bw,23.0
UCd6vEDS3SOhWbXZrxbrf_bw,22.0
UCd5ApCORQsMOZZz5E9oVeFA,23.0
UCd5ApCORQsMOZZz5E9oVeFA,1.0
UCd5ApCORQsMOZZz5E9oVeFA,0.0
UCd4R6Gq-yaa1-J1XfYcE-hQ,0.0
UCd4R6Gq-yaa1-J1XfYcE-hQ,1.0
UCd48Z0WHd8yKmBVAhkG7dSQ,22.0
UCd48Z0WHd8yKmBVAhkG7dSQ,23.0
UCd46d_fDX43Ju-uG1w7WvJQ,33.0
UCd46d_fDX43Ju-uG1w7WvJQ,30.0
UCd46d_fDX43Ju-uG1w7WvJQ,23.0
UCchBatdUMZoMfJ3rIzgV84g,0.0
UCchBatdUMZoMfJ3rIzgV84g,1.0
UCcWQnkOd-GWPnJRXTK5AXBQ,22.0
UCcWQnkOd-GWPnJRXTK5AXBQ,23.0
UCcWQnkOd-GWPnJRXTK5AXBQ,25.0
UCcJL2ld6kxy_nuV1u7PVQ0g,12.0
UCcJL2ld6kxy_nuV1u7PVQ0g,16.0
UCcJL2ld6kxy_nuV1u7PVQ0g,15.0
UCcJL2ld6kxy_nuV1u7PVQ0g,19.0
UCcJL2ld6kxy_nuV1u7PVQ0g,14.0
UCbzRzJNHx7ZLlJML9BjZQVQ,30.0
UCbzRzJNHx7ZLlJML9BjZQVQ,33.0
UCbzRzJNHx7ZLlJML9BjZQVQ,23.0
UCbzRzJNHx7ZLlJML9BjZQVQ,34.0
UCby6ZYZsdNX0hvxfNizc0pg,8.0
UCby6ZYZsdNX0hvxfNizc0pg,9.0
UCby6ZYZsdNX0hvxfNizc0pg,0.0
UCbsfyGlrjrKQC0gbzK0-EiA,0.0
UCbsfyGlrjrKQC0gbzK0-EiA,22.0
UCbsfyGlrjrKQC0gbzK0-EiA,23.0
UCbsfyGlrjrKQC0gbzK0-EiA,1.0
UCbsfyGlrjrKQC0gbzK0-EiA,24.0
UCbmOgzvvDg60mXGm9t9Ad5Q,26.0
UCbmOgzvvDg60mXGm9t9Ad5Q,11.0
UCbiGcwDWZjz05njNPrJU7jA,23.0
UCbiGcwDWZjz05njNPrJU7jA,22.0
UCbaw0g87xCr9xnKcTn0-ZZA,23.0
UCbaw0g87xCr9xnKcTn0-ZZA,30.0
UCbaw0g87xCr9xnKcTn0-ZZA,32.0
UCb_ilU-RAbFstaVvYrTA5kw,23.0
UCbRP3c757lWg9M-U7TyEkXA,22.0
UCbRP3c757lWg9M-U7TyEkXA,23.0
UCbRP3c757lWg9M-U7TyEkXA,24.0
UCbFdKdoZeWd5mh9soNX9I4w,0.0
UCbFdKdoZeWd5mh9soNX9I4w,1.0
UCbCQBD9gKSEnNtIqmKY1R3Q,22.0
UCbCQBD9gKSEnNtIqmKY1R3Q,23.0
UCbCQBD9gKSEnNtIqmKY1R3Q,14.0
UCb8vrqP8Z7Oz9ZTYvUtjUHQ,23.0
UCb8vrqP8Z7Oz9ZTYvUtjUHQ,3.0
UCb8vrqP8Z7Oz9ZTYvUtjUHQ,0.0
UCb65ich7skWWYCmT-tyMw_w,0.0
UCb2ghdxfhVDnHsKo2Ao9ctw,30.0
UCb2ghdxfhVDnHsKo2Ao9ctw,23.0
UCb2ghdxfhVDnHsKo2Ao9ctw,0.0
UCavvo_FXKmQ324RS7WZ7BXg,23.0
UCavvo_FXKmQ324RS7WZ7BXg,0.0
UCasx4kxysejfupvP2brmXig,4.0
UCasx4kxysejfupvP2brmXig,1.0
UCasx4kxysejfupvP2brmXig,0.0
UCaogx6OHpsGg0zuGRKsjbtQ,23.0
UCaogx6OHpsGg0zuGRKsjbtQ,30.0
UCaogx6OHpsGg0zuGRKsjbtQ,28.0
UCajd8wBB3ayNaVgqkQhs0sg,1.0
UCajd8wBB3ayNaVgqkQhs0sg,0.0
UCajd8wBB3ayNaVgqkQhs0sg,3.0
UCaamhxAHz15A-Lfe9TO91-g,0.0
UCaamhxAHz15A-Lfe9TO91-g,42.0
UCaamhxAHz15A-Lfe9TO91-g,1.0
UCaZHhVYgpYX3cIjBV45Nf3Q,0.0
UCaZHhVYgpYX3cIjBV45Nf3Q,3.0
UCaZHhVYgpYX3cIjBV45Nf3Q,1.0
UCaZAmb4dMjFvLvUF29G2Mnw,45.0
UCaZAmb4dMjFvLvUF29G2Mnw,23.0
UCaZAmb4dMjFvLvUF29G2Mnw,25.0
UCaYxyR9mzVlTrOOyZD0XAmA,30.0
UCaYxyR9mzVlTrOOyZD0XAmA,20.0
UCaYxyR9mzVlTrOOyZD0XAmA,14.0
UCaVFKuFQ4ApfwcBr-12sL0A,0.0
UCaVFKuFQ4ApfwcBr-12sL0A,1.0
UCaQeRtwWEaCBMaZnH2jEwMw,23.0
UCaKZDEMDdQc8t6GzFj1_TDw,46.0
UCaKZDEMDdQc8t6GzFj1_TDw,26.0
UCaFGDBmGK_jw66u3av2Ysjw,22.0
UCaFGDBmGK_jw66u3av2Ysjw,23.0
UCa962e5dqRMO1nUldwaaRMw,22.0
UCa962e5dqRMO1nUldwaaRMw,23.0
UCa6vGFO9ty8v5KZJXQxdhaw,4.0
UCa6vGFO9ty8v5KZJXQxdhaw,0.0
UCa6vGFO9ty8v5KZJXQxdhaw,1.0
UCa6vGFO9ty8v5KZJXQxdhaw,11.0
UCa6vGFO9ty8v5KZJXQxdhaw,26.0
UC_q5WZtFp36adwqhKpZzxwQ,14.0
UC_q5WZtFp36adwqhKpZzxwQ,12.0
UC_q5WZtFp36adwqhKpZzxwQ,15.0
UC_q5WZtFp36adwqhKpZzxwQ,19.0
UC_q5WZtFp36adwqhKpZzxwQ,16.0
UC_ntXHv-XdKCD7CPynVvnQw,14.0
UC_ntXHv-XdKCD7CPynVvnQw,15.0
UC_ntXHv-XdKCD7CPynVvnQw,16.0
UC_ntXHv-XdKCD7CPynVvnQw,12.0
UC_mm7k2sNPZQU0_kpIqwT8Q,14.0
UC_mm7k2sNPZQU0_kpIqwT8Q,29.0
UC_mm7k2sNPZQU0_kpIqwT8Q,30.0
UC_mm7k2sNPZQU0_kpIqwT8Q,20.0
UC_TYFButglZuuDbD-0Q_IzQ,13.0
UC_TYFButglZuuDbD-0Q_IzQ,12.0
UC_TYFButglZuuDbD-0Q_IzQ,14.0
UC_MId0OgI4uYYCfU_smoRlA,0.0
UC_MId0OgI4uYYCfU_smoRlA,1.0
UC_MId0OgI4uYYCfU_smoRlA,4.0
UC_GzvxPbX1UQBeFluD3OLQg,35.0
UC_GzvxPbX1UQBeFluD3OLQg,30.0
UC_GzvxPbX1UQBeFluD3OLQg,23.0
UCZx6VevELRkuTr9iCMqEoUg,0.0
UCZvtcRxo82A4-7BQ2T8MOAA,23.0
UCZvtcRxo82A4-7BQ2T8MOAA,25.0
UCZvtcRxo82A4-7BQ2T8MOAA,22.0
UCZg-bcxgD3AEpWfeU47FLqg,3.0
UCZg-bcxgD3AEpWfeU47FLqg,23.0
UCZg-bcxgD3AEpWfeU47FLqg,1.0
UCZg-bcxgD3AEpWfeU47FLqg,0.0
UCZft8Ol-dMtguwam7bWItnw,23.0
UCZft8Ol-dMtguwam7bWItnw,0.0
UCZft8Ol-dMtguwam7bWItnw,14.0
UCZft8Ol-dMtguwam7bWItnw,1.0
UCZft8Ol-dMtguwam7bWItnw,3.0
UCZeKXaDbtL2GbfoB8hldseQ,22.0
UCZeKXaDbtL2GbfoB8hldseQ,23.0
UCZeKXaDbtL2GbfoB8hldseQ,14.0
UCZYL1NNeoDz1itVvJOWy1hw,33.0
UCZYL1NNeoDz1itVvJOWy1hw,23.0
UCZYL1NNeoDz1itVvJOWy1hw,30.0
UCZO6X76wYi1IhONG0kaHH1Q,23.0
UCZO6X76wYi1IhONG0kaHH1Q,5.0
UCZO6X76wYi1IhONG0kaHH1Q,30.0
UCZO6X76wYi1IhONG0kaHH1Q,28.0
UCZFhj_r-MjoPCFVUo3E1ZRg,28.0
UCZFhj_r-MjoPCFVUo3E1ZRg,30.0
UCZFhj_r-MjoPCFVUo3E1ZRg,32.0
UCZEvYxq5R38PDuHtqD8_uig,1.0
UCZEvYxq5R38PDuHtqD8_uig,0.0
UCZBaWSQCEd3mbFHggUim0aA,0.0
UCZBaWSQCEd3mbFHggUim0aA,5.0
UCZBaWSQCEd3mbFHggUim0aA,30.0
UCZBaWSQCEd3mbFHggUim0aA,4.0
UCZBY6V8Lxmwu8gGRBOyO11w,15.0
UCZBY6V8Lxmwu8gGRBOyO11w,16.0
UCZBY6V8Lxmwu8gGRBOyO11w,12.0
UCZBY6V8Lxmwu8gGRBOyO11w,14.0
UCZ9uq7qfgDUYSn33nnMNBsg,30.0
UCZ9uq7qfgDUYSn33nnMNBsg,5.0
UCZ7AeeVbyslLM_8-nVy2B8Q,12.0
UCZ7AeeVbyslLM_8-nVy2B8Q,15.0
UCZ7AeeVbyslLM_8-nVy2B8Q,19.0
UCZ7AeeVbyslLM_8-nVy2B8Q,16.0
UCZ7AeeVbyslLM_8-nVy2B8Q,14.0
UCYwkowpMVxoCYsPOKbk66iA,1.0
UCYwkowpMVxoCYsPOKbk66iA,0.0
UCYqeek4JMtZV90riW5vfpLw,5.0
UCYqeek4JMtZV90riW5vfpLw,30.0
UCYn7aV7fTvcxktIu7Fh9q2g,1.0
UCYn7aV7fTvcxktIu7Fh9q2g,0.0
UCYn7aV7fTvcxktIu7Fh9q2g,3.0
UCYn6CZe5UGIyPe9WJb0pTrg,12.0
UCYn6CZe5UGIyPe9WJb0pTrg,15.0
UCYn6CZe5UGIyPe9WJb0pTrg,14.0
UCYn6CZe5UGIyPe9WJb0pTrg,19.0
UCYn6CZe5UGIyPe9WJb0pTrg,16.0
UCYdHjl9aX-8Fwyg0OBOL21g,20.0
UCYdHjl9aX-8Fwyg0OBOL21g,14.0
UCYVU6rModlGxvJbszCclGGw,22.0
UCYVU6rModlGxvJbszCclGGw,23.0
UCYO_jab_esuFRV4b17AJtAw,24.0
UCYMZpxeToYeVxKdNU7dcV_A,0.0
UCYMZpxeToYeVxKdNU7dcV_A,1.0
UCYGBeSayC2Q9QO1Qs5pRtBw,0.0
UCYGBeSayC2Q9QO1Qs5pRtBw,23.0
UCXuqSBlHAE6Xw-yeJA0Tunw,14.0
UCXuqSBlHAE6Xw-yeJA0Tunw,22.0
UCXuqSBlHAE6Xw-yeJA0Tunw,23.0
UCXtzH3XlokGS8uk8fFQH8mA,23.0
UCXtzH3XlokGS8uk8fFQH8mA,32.0
UCXtzH3XlokGS8uk8fFQH8mA,30.0
UCXsrToWgFIXlUfu-VvUOsxQ,0.0
UCXsrToWgFIXlUfu-VvUOsxQ,1.0
UCXnNibvR_YIdyPs8PZIBoEw,22.0
UCXnNibvR_YIdyPs8PZIBoEw,23.0
UCXmbU_9iZm2hWAZWVUy3kuQ,0.0
UCXmbU_9iZm2hWAZWVUy3kuQ,4.0
UCXmbU_9iZm2hWAZWVUy3kuQ,1.0
UCXbYlU08sOTBktOtjVsvR6w,0.0
UCXbYlU08sOTBktOtjVsvR6w,3.0
UCXbYlU08sOTBktOtjVsvR6w,1.0
UCXUi2WeWpGB_Fu7UIrgcb6w,0.0
UCXUi2WeWpGB_Fu7UIrgcb6w,1.0
UCXGgrKt94gR6lmN4aN3mYTg,22.0
UCXGgrKt94gR6lmN4aN3mYTg,14.0
UCXGgrKt94gR6lmN4aN3mYTg,23.0
UCXBE_QQSZueB8082ml5fslg,19.0
UCXBE_QQSZueB8082ml5fslg,14.0
UCXBE_QQSZueB8082ml5fslg,15.0
UCXBE_QQSZueB8082ml5fslg,16.0
UCXBE_QQSZueB8082ml5fslg,12.0
UCX6hSUgKkRpvedE_a4kKLSQ,34.0
UCX6hSUgKkRpvedE_a4kKLSQ,23.0
UCX6hSUgKkRpvedE_a4kKLSQ,30.0
UCX6hSUgKkRpvedE_a4kKLSQ,33.0
UCX5qMbq8Y9h9TOdFhKUhkrw,28.0
UCX5qMbq8Y9h9TOdFhKUhkrw,30.0
UCX5qMbq8Y9h9TOdFhKUhkrw,29.0
UCX5Q-J1cTEGHIjQWBF13MmA,0.0
UCX5Q-J1cTEGHIjQWBF13MmA,40.0
UCX5Q-J1cTEGHIjQWBF13MmA,23.0
UCWy2Nhg0PGv21NjMFRH7HBw,23.0
UCWy2Nhg0PGv21NjMFRH7HBw,30.0
UCWy2Nhg0PGv21NjMFRH7HBw,5.0
UCWrmbQy_KxoBTAHCU7HiErg,0.0
UCWrmbQy_KxoBTAHCU7HiErg,23.0
UCWk_6kgfcNwWbVUdq34QMSg,7.0
UCWk_6kgfcNwWbVUdq34QMSg,0.0
UCWk_6kgfcNwWbVUdq34QMSg,23.0
UCWVSknuLPIRVGWf-4bFKT4Q,15.0
UCWVSknuLPIRVGWf-4bFKT4Q,16.0
UCWVSknuLPIRVGWf-4bFKT4Q,14.0
UCWVSknuLPIRVGWf-4bFKT4Q,12.0
UCWSwmq2xYmSvMmGx-YEuEsQ,32.0
UCWSwmq2xYmSvMmGx-YEuEsQ,30.0
UCWSwmq2xYmSvMmGx-YEuEsQ,23.0
UCWQrSQ0wJ3oZshXsZcl_Srg,44.0
UCWQrSQ0wJ3oZshXsZcl_Srg,41.0
UCWQrSQ0wJ3oZshXsZcl_Srg,42.0
UCWOA1ZGywLbqmigxE4Qlvuw,4.0
UCWOA1ZGywLbqmigxE4Qlvuw,0.0
UCWOA1ZGywLbqmigxE4Qlvuw,1.0
UCWLu3q9FEmPPYKcUAxKZb2A,2.0
UCWLu3q9FEmPPYKcUAxKZb2A,23.0
UCWKu2e3PGwlBFEprFdFXe1Q,29.0
UCWKu2e3PGwlBFEprFdFXe1Q,30.0
UCWKSMczTMjVjYmTMV4ZUZEQ,23.0
UCWKSMczTMjVjYmTMV4ZUZEQ,22.0
UCWJ2lWNubArHWmf3FIHbfcQ,30.0
UCWJ2lWNubArHWmf3FIHbfcQ,5.0
UCWFKCr40YwOZQx8FHU_ZqqQ,23.0
UCWFKCr40YwOZQx8FHU_ZqqQ,22.0
UCWBWgCD4oAqT3hUeq40SCUw,0.0
UCWBWgCD4oAqT3hUeq40SCUw,14.0
UCWBWgCD4oAqT3hUeq40SCUw,0.0
UCWBWgCD4oAqT3hUeq40SCUw,14.0
UCVf5qFhOe0GXGKE8L7fGBVg,1.0
UCVf5qFhOe0GXGKE8L7fGBVg,0.0
UCVf5qFhOe0GXGKE8L7fGBVg,14.0
UCVUsmF97x4kuhGbBjzl1nVg,16.0
UCVUsmF97x4kuhGbBjzl1nVg,15.0
UCVUsmF97x4kuhGbBjzl1nVg,12.0
UCVUsmF97x4kuhGbBjzl1nVg,14.0
UCVU6tIQ0oeue08KmRJdMIAA,19.0
UCVU6tIQ0oeue08KmRJdMIAA,15.0
UCVU6tIQ0oeue08KmRJdMIAA,14.0
UCVU6tIQ0oeue08KmRJdMIAA,12.0
UCVU6tIQ0oeue08KmRJdMIAA,16.0
UCVRm2Ho8cL3lvWDyp2ayuFw,0.0
UCVRm2Ho8cL3lvWDyp2ayuFw,1.0
UCVRm2Ho8cL3lvWDyp2ayuFw,30.0
UCVRm2Ho8cL3lvWDyp2ayuFw,28.0
UCVPm82t3yAMQFcg1HXskcqA,7.0
UCVPm82t3yAMQFcg1HXskcqA,0.0
UCVPm82t3yAMQFcg1HXskcqA,23.0
UCVIEcvgw2q8Oq9rjwCuB_IQ,0.0
UCVIEcvgw2q8Oq9rjwCuB_IQ,23.0
UCVAYy7_zddIx6USjXscV9Vg,15.0
UCVAYy7_zddIx6USjXscV9Vg,14.0
UCVAYy7_zddIx6USjXscV9Vg,13.0
UCVAYy7_zddIx6USjXscV9Vg,16.0
UCVAYy7_zddIx6USjXscV9Vg,12.0
UCUyeluBRhGPCW4rPe_UvBZQ,22.0
UCUyeluBRhGPCW4rPe_UvBZQ,24.0
UCUyeluBRhGPCW4rPe_UvBZQ,23.0
UCUiDYWN64s2eVdXGFTKSuPw,30.0
UCUiDYWN64s2eVdXGFTKSuPw,5.0
UCUi2SFPyyDNcsH2ZGpHyQIQ,24.0
UCUi2SFPyyDNcsH2ZGpHyQIQ,23.0
UCUTobUs1HXZ3ozzEtHHOCpQ,30.0
UCUTobUs1HXZ3ozzEtHHOCpQ,29.0
UCUDrb4BLpO0sjxoaWARsdyw,23.0
UCUDrb4BLpO0sjxoaWARsdyw,30.0
UCUDrb4BLpO0sjxoaWARsdyw,28.0
UCU9tTuv-x1PII3zQiHo6HQA,23.0
UCU9tTuv-x1PII3zQiHo6HQA,22.0
UCU67ZTK_52mav3d4gSiMzfQ,0.0
UCU67ZTK_52mav3d4gSiMzfQ,3.0
UCU0dlKN6R16DL5KKWq62wNA,23.0
UCU0dlKN6R16DL5KKWq62wNA,30.0
UCU0dlKN6R16DL5KKWq62wNA,31.0
UCTyvyVpWyspz8-anuyXUreA,1.0
UCTyvyVpWyspz8-anuyXUreA,0.0
UCTyvyVpWyspz8-anuyXUreA,23.0
UCToxKVrkEuAONR4rFIJ_DyQ,1.0
UCToxKVrkEuAONR4rFIJ_DyQ,0.0
UCToxKVrkEuAONR4rFIJ_DyQ,14.0
UCToxKVrkEuAONR4rFIJ_DyQ,23.0
UCTnULr_MB6YuYeBC0WdQvHQ,0.0
UCTnULr_MB6YuYeBC0WdQvHQ,1.0
UCTjmLCEVb9r1OpFDJMMWyIw,23.0
UCTjmLCEVb9r1OpFDJMMWyIw,22.0
UCTjmLCEVb9r1OpFDJMMWyIw,14.0
UCTenKHt0h3VjdMvRWP6Lbvw,5.0
UCTenKHt0h3VjdMvRWP6Lbvw,30.0
UCT_idQparWMxBTcug2ed-qA,1.0
UCT_idQparWMxBTcug2ed-qA,0.0
UCT_idQparWMxBTcug2ed-qA,3.0
UCT_QEGH0myu6lgbE_biQPuw,0.0
UCT_QEGH0myu6lgbE_biQPuw,1.0
UCTVEKocy0StDHPow7X9QJlQ,23.0
UCTVEKocy0StDHPow7X9QJlQ,1.0
UCTVEKocy0StDHPow7X9QJlQ,0.0
UCTTWWvDVnoSeJ1BoKVpZYSQ,11.0
UCTTWWvDVnoSeJ1BoKVpZYSQ,26.0
UCTTWWvDVnoSeJ1BoKVpZYSQ,10.0
UCTIFIULcxN0sh8b3uXgDX6g,23.0
UCTIFIULcxN0sh8b3uXgDX6g,22.0
UCTBrVbt_oMwlfU3FfW772XQ,3.0
UCTBrVbt_oMwlfU3FfW772XQ,8.0
UCTBrVbt_oMwlfU3FfW772XQ,1.0
UCTBrVbt_oMwlfU3FfW772XQ,0.0
UCT947S092eoMEMMSk4cm9AA,29.0
UCT947S092eoMEMMSk4cm9AA,30.0
UCT2kPBcD6tXn8TP_aV7BmgA,11.0
UCT2kPBcD6tXn8TP_aV7BmgA,24.0
UCT2kPBcD6tXn8TP_aV7BmgA,26.0
UCSvLdOutljpFydkLq5EVN0g,45.0
UCSvLdOutljpFydkLq5EVN0g,23.0
UCSvLdOutljpFydkLq5EVN0g,25.0
UCSoJcY9wS0_L2yWOTWJWV5Q,1.0
UCSoJcY9wS0_L2yWOTWJWV5Q,0.0
UCSoJcY9wS0_L2yWOTWJWV5Q,4.0
UCSoJcY9wS0_L2yWOTWJWV5Q,3.0
UCSo19KhHogXxu3sFsOpqrcQ,30.0
UCSo19KhHogXxu3sFsOpqrcQ,29.0
UCSb_Sui6FBxVS4_ROsrU_Iw,0.0
UCSb_Sui6FBxVS4_ROsrU_Iw,1.0
UCSYrTQxtlx9Y6htj6YtuEKA,5.0
UCSYrTQxtlx9Y6htj6YtuEKA,30.0
UCSOZ6u343x8SIXWeMiiEkXw,1.0
UCSOZ6u343x8SIXWeMiiEkXw,0.0
UCSOZ6u343x8SIXWeMiiEkXw,23.0
UCSLeawJdulNN51ZZE4_YPgg,0.0
UCSLeawJdulNN51ZZE4_YPgg,6.0
UCSLeawJdulNN51ZZE4_YPgg,1.0
UCSLS1IvI4VKATD_YwfuiIIA,28.0
UCSLS1IvI4VKATD_YwfuiIIA,29.0
UCSLS1IvI4VKATD_YwfuiIIA,30.0
UCSLS1IvI4VKATD_YwfuiIIA,5.0
UCSFp_vPjEjMzCBVIgP9TWug,23.0
UCSD4oURAMlqW1pbwUuRU9sw,0.0
UCSD4oURAMlqW1pbwUuRU9sw,1.0
UCSD4oURAMlqW1pbwUuRU9sw,23.0
UCSCoziKHqjqbox3Fv3Pb4BA,19.0
UCSCoziKHqjqbox3Fv3Pb4BA,16.0
UCSCoziKHqjqbox3Fv3Pb4BA,14.0
UCSCoziKHqjqbox3Fv3Pb4BA,15.0
UCSCoziKHqjqbox3Fv3Pb4BA,12.0
UCS99JNYziShf-WZB6GwOwMQ,18.0
UCS99JNYziShf-WZB6GwOwMQ,14.0
UCS99JNYziShf-WZB6GwOwMQ,12.0
UCS8fdPNO8SmYO3GoUmEuOag,0.0
UCS8fdPNO8SmYO3GoUmEuOag,1.0
UCS7dhtzQL6ZRVVUyIXdSfSA,30.0
UCS7dhtzQL6ZRVVUyIXdSfSA,23.0
UCS7dhtzQL6ZRVVUyIXdSfSA,5.0
UCS-WzPVpAAli-1IfEG2lN8A,23.0
UCS-WzPVpAAli-1IfEG2lN8A,14.0
UCS-WzPVpAAli-1IfEG2lN8A,22.0
UCRwczJ_nk1t9IGHyHfHbXRQ,12.0
UCRwczJ_nk1t9IGHyHfHbXRQ,16.0
UCRwczJ_nk1t9IGHyHfHbXRQ,14.0
UCRwczJ_nk1t9IGHyHfHbXRQ,15.0
UCRuNOupskvYyQITuirXvmCQ,15.0
UCRuNOupskvYyQITuirXvmCQ,16.0
UCRuNOupskvYyQITuirXvmCQ,14.0
UCRuNOupskvYyQITuirXvmCQ,17.0
UCRuNOupskvYyQITuirXvmCQ,12.0
UCRfgHb3W-Nb7uvdX85Bw0AQ,23.0
UCRfgHb3W-Nb7uvdX85Bw0AQ,22.0
UCRfgHb3W-Nb7uvdX85Bw0AQ,25.0
UCRYOj4DmyxhBVrdvbsUwmAA,22.0
UCRYOj4DmyxhBVrdvbsUwmAA,23.0
UCRYOj4DmyxhBVrdvbsUwmAA,14.0
UCRFub98J9ZQuNfuYIkx0erg,0.0
UCRFub98J9ZQuNfuYIkx0erg,1.0
UCRFub98J9ZQuNfuYIkx0erg,5.0
UCRFub98J9ZQuNfuYIkx0erg,30.0
UCRFSF9WS_g0wqm32kjJ-jNw,14.0
UCRFSF9WS_g0wqm32kjJ-jNw,12.0
UCRFSF9WS_g0wqm32kjJ-jNw,15.0
UCRFSF9WS_g0wqm32kjJ-jNw,16.0
UCRFSF9WS_g0wqm32kjJ-jNw,0.0
UCRFSF9WS_g0wqm32kjJ-jNw,3.0
UCRC6cNamj9tYAO6h_RXd5xA,12.0
UCRC6cNamj9tYAO6h_RXd5xA,15.0
UCRC6cNamj9tYAO6h_RXd5xA,16.0
UCRC6cNamj9tYAO6h_RXd5xA,14.0
UCR4ZpFWX29p4YCajQA5fcfQ,23.0
UCR4ZpFWX29p4YCajQA5fcfQ,22.0
UCR-DXc1voovS8nhAvccRZhg,23.0
UCR-DXc1voovS8nhAvccRZhg,22.0
UCQr41WBbI0oGTsYTm2FB99g,22.0
UCQr41WBbI0oGTsYTm2FB99g,26.0
UCQr41WBbI0oGTsYTm2FB99g,23.0
UCQr41WBbI0oGTsYTm2FB99g,11.0
UCQgVN28p4k6yYbEq9n3OnTg,1.0
UCQgVN28p4k6yYbEq9n3OnTg,0.0
UCQSpnDG3YsFNf5-qHocF-WQ,23.0
UCQSpnDG3YsFNf5-qHocF-WQ,22.0
UCQIUhhcmXsu6cN6n3y9-Pww,5.0
UCQIUhhcmXsu6cN6n3y9-Pww,0.0
UCQIUhhcmXsu6cN6n3y9-Pww,23.0
UCQIUhhcmXsu6cN6n3y9-Pww,30.0
UCQHvopOCTzWApoDBnLj2NCw,36.0
UCQHvopOCTzWApoDBnLj2NCw,23.0
UCQHvopOCTzWApoDBnLj2NCw,40.0
UCQHGL7mNJ1f93WJ8U1wZG-A,1.0
UCQHGL7mNJ1f93WJ8U1wZG-A,0.0
UCPx9eXszFK8rkivV7tXZpHA,23.0
UCPvRdfUooqCf0zPOYvbBzVA,22.0
UCPvRdfUooqCf0zPOYvbBzVA,23.0
UCPk2s5c4R_d-EUUNvFFODoA,24.0
UCPk2s5c4R_d-EUUNvFFODoA,23.0
UCPk2s5c4R_d-EUUNvFFODoA,26.0
UCPXSaShYiIXS2XeISCicXqg,1.0
UCPXSaShYiIXS2XeISCicXqg,0.0
UCPXSaShYiIXS2XeISCicXqg,1.0
UCPXSaShYiIXS2XeISCicXqg,0.0
UCPUBGZvy2t1V5MthV7pjBAA,2.0
UCPUBGZvy2t1V5MthV7pjBAA,23.0
UCPRycUcRMlyvgbFqGbrfckA,30.0
UCPRycUcRMlyvgbFqGbrfckA,23.0
UCPRycUcRMlyvgbFqGbrfckA,29.0
UCPRycUcRMlyvgbFqGbrfckA,28.0
UCPMIXPIhGp2WJzocPRQiM1w,22.0
UCPMIXPIhGp2WJzocPRQiM1w,23.0
UCPHKMJbis1c0R7d7WJQ35tA,30.0
UCPHKMJbis1c0R7d7WJQ35tA,5.0
UCPDMoRSAwvRH4EkdzUwmcNQ,2.0
UCPDMoRSAwvRH4EkdzUwmcNQ,23.0
UCPDMoRSAwvRH4EkdzUwmcNQ,0.0
UCPAljnYqjszV1LGn8pkG0sQ,23.0
UCPAljnYqjszV1LGn8pkG0sQ,0.0
UCP45EebTGl1ISj2DX33A2Rg,1.0
UCP45EebTGl1ISj2DX33A2Rg,0.0
UCP35tS1rd6DJthNZK1fSPIA,23.0
UCP35tS1rd6DJthNZK1fSPIA,31.0
UCP35tS1rd6DJthNZK1fSPIA,34.0
UCP35tS1rd6DJthNZK1fSPIA,30.0
UCP35tS1rd6DJthNZK1fSPIA,33.0
UCP2gdh7HfjgCoi8lO50dA5w,26.0
UCP2gdh7HfjgCoi8lO50dA5w,24.0
UCOtbWwI4afveroKO1_wiHlQ,40.0
UCOtbWwI4afveroKO1_wiHlQ,30.0
UCOtbWwI4afveroKO1_wiHlQ,36.0
UCOtbWwI4afveroKO1_wiHlQ,23.0
UCOnECY8FBKKPVi5ZsSgXPJA,0.0
UCOnECY8FBKKPVi5ZsSgXPJA,14.0
UCOnECY8FBKKPVi5ZsSgXPJA,16.0
UCOnECY8FBKKPVi5ZsSgXPJA,12.0
UCOnECY8FBKKPVi5ZsSgXPJA,15.0
UCOn6sI9In1IG_OWawHbi80g,23.0
UCOn6sI9In1IG_OWawHbi80g,42.0
UCOn6sI9In1IG_OWawHbi80g,29.0
UCOn6sI9In1IG_OWawHbi80g,30.0
UCOmcA3f_RrH6b9NmcNa4tdg,22.0
UCOmcA3f_RrH6b9NmcNa4tdg,23.0
UCOhFXcmfy8T11SgYFIrzY8Q,22.0
UCOhFXcmfy8T11SgYFIrzY8Q,23.0
UCOhFXcmfy8T11SgYFIrzY8Q,48.0
UCOhFXcmfy8T11SgYFIrzY8Q,42.0
UCOgaIuQYGr6ow_jbote4BKA,12.0
UCOgaIuQYGr6ow_jbote4BKA,15.0
UCOgaIuQYGr6ow_jbote4BKA,16.0
UCOgaIuQYGr6ow_jbote4BKA,14.0
UCObEO7ZvOPP1vbZMW5FkcxQ,1.0
UCObEO7ZvOPP1vbZMW5FkcxQ,4.0
UCObEO7ZvOPP1vbZMW5FkcxQ,0.0
UCOWr7ifT5mvqlS5FJhiFrcA,30.0
UCOWr7ifT5mvqlS5FJhiFrcA,32.0
UCOWr7ifT5mvqlS5FJhiFrcA,28.0
UCOTPo2y-NHJjg1EuENrxypA,4.0
UCOTPo2y-NHJjg1EuENrxypA,0.0
UCOTPo2y-NHJjg1EuENrxypA,30.0
UCOTPo2y-NHJjg1EuENrxypA,28.0
UCOOHeyoRZIYI7OIsIhA1vsg,0.0
UCOOHeyoRZIYI7OIsIhA1vsg,23.0
UCOHH-97SBvN58Q6WGOtZOTA,0.0
UCOHH-97SBvN58Q6WGOtZOTA,14.0
UCOHH-97SBvN58Q6WGOtZOTA,1.0
UCOFiUtKui6-x4T-J7_DgCag,14.0
UCOFiUtKui6-x4T-J7_DgCag,19.0
UCOFiUtKui6-x4T-J7_DgCag,12.0
UCOFiUtKui6-x4T-J7_DgCag,16.0
UCOCJianR4VLyhuugNgMZUkw,0.0
UCOCJianR4VLyhuugNgMZUkw,1.0
UCO4rvxZ-bJ6uGDeSkMCmzEg,16.0
UCO4rvxZ-bJ6uGDeSkMCmzEg,15.0
UCO4rvxZ-bJ6uGDeSkMCmzEg,14.0
UCO4rvxZ-bJ6uGDeSkMCmzEg,12.0
UCNzszbnvQeFzObW0ghk0Ckw,22.0
UCNzszbnvQeFzObW0ghk0Ckw,23.0
UCNwb4G1bW7PDMTWpA-s-sCA,16.0
UCNwb4G1bW7PDMTWpA-s-sCA,14.0
UCNwb4G1bW7PDMTWpA-s-sCA,15.0
UCNwb4G1bW7PDMTWpA-s-sCA,1.0
UCNwb4G1bW7PDMTWpA-s-sCA,0.0
UCNvzD7Z-g64bPXxGzaQaa4g,15.0
UCNvzD7Z-g64bPXxGzaQaa4g,12.0
UCNvzD7Z-g64bPXxGzaQaa4g,14.0
UCNvzD7Z-g64bPXxGzaQaa4g,16.0
UCNvzD7Z-g64bPXxGzaQaa4g,19.0
UCNrnx5h8mMjZEQqbbVXVMkA,0.0
UCNrnx5h8mMjZEQqbbVXVMkA,1.0
UCNrnx5h8mMjZEQqbbVXVMkA,3.0
UCNSnSemXKDc9UEZ7m31wY9Q,30.0
UCNSnSemXKDc9UEZ7m31wY9Q,8.0
UCNSnSemXKDc9UEZ7m31wY9Q,9.0
UCNSnSemXKDc9UEZ7m31wY9Q,0.0
UCNSnSemXKDc9UEZ7m31wY9Q,23.0
UCNRj8Ox9M8LFT1d9uGeWhVA,0.0
UCNRj8Ox9M8LFT1d9uGeWhVA,23.0
UCNRj8Ox9M8LFT1d9uGeWhVA,14.0
UCNRj8Ox9M8LFT1d9uGeWhVA,22.0
UCNR93hKfKy493U3lw-djSug,30.0
UCNR93hKfKy493U3lw-djSug,5.0
UCNMg0ZGimrtVC2iUJxcMYAA,0.0
UCNMg0ZGimrtVC2iUJxcMYAA,1.0
UCNMg0ZGimrtVC2iUJxcMYAA,4.0
UCNFT_eq_QCApMEwCACHto9Q,1.0
UCNFT_eq_QCApMEwCACHto9Q,0.0
UCMzzjz-hBg1UoywNFSNXdPw,1.0
UCMzzjz-hBg1UoywNFSNXdPw,0.0
UCMzzjz-hBg1UoywNFSNXdPw,14.0
UCMrvLMUITAImCHMOhX88PYQ,23.0
UCMrvLMUITAImCHMOhX88PYQ,25.0
UCMrvLMUITAImCHMOhX88PYQ,22.0
UCMk2R5nz4dO55z4maJ-gmrw,3.0
UCMk2R5nz4dO55z4maJ-gmrw,1.0
UCMk2R5nz4dO55z4maJ-gmrw,0.0
UCMiJRAwDNSNzuYeN2uWa0pA,22.0
UCMiJRAwDNSNzuYeN2uWa0pA,23.0
UCMh3v4KOrtoDKziO9d2qAHg,7.0
UCMh3v4KOrtoDKziO9d2qAHg,23.0
UCMh3v4KOrtoDKziO9d2qAHg,0.0
UCMZTG24-n_1c9Tsh81Z8d4g,5.0
UCMZTG24-n_1c9Tsh81Z8d4g,30.0
UCMY_6rqeZ8AYOJW_O4Ws6Mg,4.0
UCMY_6rqeZ8AYOJW_O4Ws6Mg,0.0
UCMY_6rqeZ8AYOJW_O4Ws6Mg,6.0
UCMY_6rqeZ8AYOJW_O4Ws6Mg,1.0
UCMH2n0xk3dKydfoEzlwIT2w,23.0
UCMH2n0xk3dKydfoEzlwIT2w,30.0
UCMH2n0xk3dKydfoEzlwIT2w,29.0
UCMEEC8zlPyCbwmtCnlOl1_Q,0.0
UCMEEC8zlPyCbwmtCnlOl1_Q,3.0
UCMEEC8zlPyCbwmtCnlOl1_Q,1.0
UCM5gMM_HqfKHYIEJ3lstMUA,29.0
UCM5gMM_HqfKHYIEJ3lstMUA,30.0
UCLzocFrP98gfI5W2LD7Ux-w,28.0
UCLzocFrP98gfI5W2LD7Ux-w,30.0
UCLzocFrP98gfI5W2LD7Ux-w,5.0
UCLzocFrP98gfI5W2LD7Ux-w,23.0
UCLieTWx74Jty5p3SJAJCxzQ,1.0
UCLieTWx74Jty5p3SJAJCxzQ,4.0
UCLieTWx74Jty5p3SJAJCxzQ,0.0
UCLee_L9mUokkDar6OlCIeTQ,23.0
UCLee_L9mUokkDar6OlCIeTQ,0.0
UCLee_L9mUokkDar6OlCIeTQ,1.0
UCLZnFlEl_FgKKy01icOAxoQ,0.0
UCLZnFlEl_FgKKy01icOAxoQ,1.0
UCLVBmIrtn7DyTEDeVU3Id5w,0.0
UCLVBmIrtn7DyTEDeVU3Id5w,3.0
UCLVBmIrtn7DyTEDeVU3Id5w,1.0
UCLTL2BJ2h-FkiKfOmFBrYFw,0.0
UCLTL2BJ2h-FkiKfOmFBrYFw,4.0
UCLTL2BJ2h-FkiKfOmFBrYFw,1.0
UCLSW8aX9Hhkv9-LpBVRhFbw,25.0
UCLSW8aX9Hhkv9-LpBVRhFbw,1.0
UCLSW8aX9Hhkv9-LpBVRhFbw,23.0
UCLSW8aX9Hhkv9-LpBVRhFbw,0.0
UCLL25tIDVNT3ahWP20REZHQ,4.0
UCLL25tIDVNT3ahWP20REZHQ,1.0
UCLL25tIDVNT3ahWP20REZHQ,0.0
UCLBh_2tt_hFdiFekmlI6U2g,0.0
UCLBh_2tt_hFdiFekmlI6U2g,1.0
UCKy1dAqELo0zrOtPkf0eTMw,0.0
UCKy1dAqELo0zrOtPkf0eTMw,0.0
UCKy1dAqELo0zrOtPkf0eTMw,15.0
UCKy1dAqELo0zrOtPkf0eTMw,16.0
UCKy1dAqELo0zrOtPkf0eTMw,12.0
UCKy1dAqELo0zrOtPkf0eTMw,0.0
UCKy1dAqELo0zrOtPkf0eTMw,14.0
UCKy1dAqELo0zrOtPkf0eTMw,16.0
UCKy1dAqELo0zrOtPkf0eTMw,14.0
UCKy1dAqELo0zrOtPkf0eTMw,12.0
UCKy1dAqELo0zrOtPkf0eTMw,15.0
UCKy1dAqELo0zrOtPkf0eTMw,16.0
UCKy1dAqELo0zrOtPkf0eTMw,15.0
UCKy1dAqELo0zrOtPkf0eTMw,14.0
UCKy1dAqELo0zrOtPkf0eTMw,12.0
UCKu9FLfyAYmlQja0qNXu63A,1.0
UCKu9FLfyAYmlQja0qNXu63A,0.0
UCKu9FLfyAYmlQja0qNXu63A,3.0
UCKsnrO82MBSKC6nBAgeG77g,0.0
UCKsnrO82MBSKC6nBAgeG77g,1.0
UCKskn9-xxLWkTYl8Ta1c0ng,40.0
UCKskn9-xxLWkTYl8Ta1c0ng,0.0
UCKskn9-xxLWkTYl8Ta1c0ng,23.0
UCKqH_9mk1waLgBiL2vT5b9g,16.0
UCKqH_9mk1waLgBiL2vT5b9g,12.0
UCKqH_9mk1waLgBiL2vT5b9g,15.0
UCKqH_9mk1waLgBiL2vT5b9g,14.0
UCKmmERguliWTynG9OIoDhDw,24.0
UCKmmERguliWTynG9OIoDhDw,0.0
UCKhqF8dCZM99CocnH-odYHw,0.0
UCKhqF8dCZM99CocnH-odYHw,1.0
UCKTFvbcNZ98bRzEIZjTnziQ,8.0
UCKTFvbcNZ98bRzEIZjTnziQ,23.0
UCKTFvbcNZ98bRzEIZjTnziQ,30.0
UCKTFvbcNZ98bRzEIZjTnziQ,0.0
UCKTFvbcNZ98bRzEIZjTnziQ,9.0
UCK6hhqTTTHWoub9SStsdFYg,23.0
UCK6hhqTTTHWoub9SStsdFYg,25.0
UCJr31UGCEGz6ShRFK6WBCtw,30.0
UCJr31UGCEGz6ShRFK6WBCtw,29.0
UCJlpNLY2NmXRzLM2cWP2FdA,0.0
UCJlpNLY2NmXRzLM2cWP2FdA,1.0
UCJf1vgH-DyFff0oC9UOosIA,15.0
UCJf1vgH-DyFff0oC9UOosIA,16.0
UCJf1vgH-DyFff0oC9UOosIA,12.0
UCJf1vgH-DyFff0oC9UOosIA,14.0
UCJckf2Ppq2oOmbYmAlQ3p0Q,29.0
UCJckf2Ppq2oOmbYmAlQ3p0Q,30.0
UCJ_waKl9kjbhfXI3LJOfHvA,8.0
UCJ_waKl9kjbhfXI3LJOfHvA,1.0
UCJ_waKl9kjbhfXI3LJOfHvA,0.0
UCJ_waKl9kjbhfXI3LJOfHvA,3.0
UCJ_waKl9kjbhfXI3LJOfHvA,4.0
UCJZam2u1G0syq3kyqrCXrNw,14.0
UCJZam2u1G0syq3kyqrCXrNw,16.0
UCJZam2u1G0syq3kyqrCXrNw,15.0
UCJZam2u1G0syq3kyqrCXrNw,12.0
UCJQsW7LeVEIDCEJU47NmXBA,0.0
UCJQsW7LeVEIDCEJU47NmXBA,1.0
UCJPoi8zNQb4NNNz_5row-4w,4.0
UCJPoi8zNQb4NNNz_5row-4w,1.0
UCJPoi8zNQb4NNNz_5row-4w,0.0
UCJN5ATeKD3XBqc93znZtm4w,4.0
UCJN5ATeKD3XBqc93znZtm4w,3.0
UCJN5ATeKD3XBqc93znZtm4w,0.0
UCJN5ATeKD3XBqc93znZtm4w,1.0
UCJEGvSZnQ1pkVfHO8s5G8hA,19.0
UCJEGvSZnQ1pkVfHO8s5G8hA,12.0
UCJEGvSZnQ1pkVfHO8s5G8hA,15.0
UCJEGvSZnQ1pkVfHO8s5G8hA,16.0
UCJEGvSZnQ1pkVfHO8s5G8hA,14.0
UCJ2ZDzMRgSrxmwphstrm8Ww,0.0
UCJ2ZDzMRgSrxmwphstrm8Ww,1.0
UCJ2ZDzMRgSrxmwphstrm8Ww,4.0
UCIyY_18YcA1wARixTX96qBw,1.0
UCIyY_18YcA1wARixTX96qBw,0.0
UCIwth2uQQRZzPKSflSLgk0g,3.0
UCIwth2uQQRZzPKSflSLgk0g,0.0
UCIwth2uQQRZzPKSflSLgk0g,4.0
UCIwth2uQQRZzPKSflSLgk0g,10.0
UCIwth2uQQRZzPKSflSLgk0g,1.0
UCIlqd-X929vWZIkMoG3H8Sw,1.0
UCIlqd-X929vWZIkMoG3H8Sw,0.0
UCIkm9WDHFhPuDcloUyVoz9g,30.0
UCIkm9WDHFhPuDcloUyVoz9g,23.0
UCIkm9WDHFhPuDcloUyVoz9g,28.0
UCIa6iQD0ecZols-CUuMdNAw,14.0
UCIa6iQD0ecZols-CUuMdNAw,20.0
UCIa6iQD0ecZols-CUuMdNAw,14.0
UCIa6iQD0ecZols-CUuMdNAw,20.0
UCIVrwudKiOJfM5B6dUH4qPQ,0.0
UCIVrwudKiOJfM5B6dUH4qPQ,14.0
UCIJHwsTJyrH4YznoJxZmJHQ,23.0
UCIJHwsTJyrH4YznoJxZmJHQ,22.0
UCIJ0XDsp9c-Y8zionzWrWMg,1.0
UCIJ0XDsp9c-Y8zionzWrWMg,0.0
UCIJ0XDsp9c-Y8zionzWrWMg,3.0
UCIJ0XDsp9c-Y8zionzWrWMg,23.0
UCI8iQa1hv7oV_Z8D35vVuSg,23.0
UCI8iQa1hv7oV_Z8D35vVuSg,14.0
UCI8iQa1hv7oV_Z8D35vVuSg,22.0
UCI5O8NDpvTqd7dHLAcSOIeg,
UCI4kahy_vOpM6yvykXCcpOA,23.0
UCI4kahy_vOpM6yvykXCcpOA,25.0
UCHyMwXYaw69vtN244TiW2jQ,15.0
UCHyMwXYaw69vtN244TiW2jQ,12.0
UCHyMwXYaw69vtN244TiW2jQ,14.0
UCHyMwXYaw69vtN244TiW2jQ,16.0
UCHqIieEanq9Q__wAniNG8xw,30.0
UCHqIieEanq9Q__wAniNG8xw,29.0
UCHlBaw2X5iYQGJhd5v718Zw,5.0
UCHlBaw2X5iYQGJhd5v718Zw,28.0
UCHlBaw2X5iYQGJhd5v718Zw,30.0
UCHlBaw2X5iYQGJhd5v718Zw,23.0
UCHlBaw2X5iYQGJhd5v718Zw,6.0
UCHQTPAFjusIzj3YOHX_mPMA,5.0
UCHQTPAFjusIzj3YOHX_mPMA,30.0
UCHQTPAFjusIzj3YOHX_mPMA,23.0
UCHKhGknxUStTRKLXBoXSbNg,4.0
UCHKhGknxUStTRKLXBoXSbNg,0.0
UCHKhGknxUStTRKLXBoXSbNg,1.0
UCHK5Lxx08ba-45zth-xn8sA,0.0
UCHK5Lxx08ba-45zth-xn8sA,28.0
UCHK5Lxx08ba-45zth-xn8sA,30.0
UCHK5Lxx08ba-45zth-xn8sA,29.0
UCHDohYzM6u4aBhhFoFrnplw,29.0
UCHDohYzM6u4aBhhFoFrnplw,30.0
UCHA7nav_7GnACDpLca3CoEA,1.0
UCHA7nav_7GnACDpLca3CoEA,4.0
UCHA7nav_7GnACDpLca3CoEA,0.0
UCGuKDsKoK7aBbYEvXNKp2_g,1.0
UCGuKDsKoK7aBbYEvXNKp2_g,0.0
UCGuKDsKoK7aBbYEvXNKp2_g,4.0
UCGq6eTi9tSwOoSR3I7iEE5Q,1.0
UCGq6eTi9tSwOoSR3I7iEE5Q,0.0
UCGq6eTi9tSwOoSR3I7iEE5Q,3.0
UCGaqvTgdAOhduHop1ALoCEQ,30.0
UCGaqvTgdAOhduHop1ALoCEQ,28.0
UCGaqvTgdAOhduHop1ALoCEQ,29.0
UCGaqvTgdAOhduHop1ALoCEQ,23.0
UCGaO3wLV8_N1YFbMOtuaYqw,1.0
UCGaO3wLV8_N1YFbMOtuaYqw,4.0
UCGaO3wLV8_N1YFbMOtuaYqw,0.0
UCGIY_O-8vW4rfX98KlMkvRg,14.0
UCGIY_O-8vW4rfX98KlMkvRg,15.0
UCGIY_O-8vW4rfX98KlMkvRg,16.0
UCGIY_O-8vW4rfX98KlMkvRg,12.0
UCGF87I_zOpA_g7BqKF8TeYw,28.0
UCGF87I_zOpA_g7BqKF8TeYw,30.0
UCGF87I_zOpA_g7BqKF8TeYw,0.0
UCGBVtwvzxkd2iX4JMaH_4Pg,0.0
UCGBVtwvzxkd2iX4JMaH_4Pg,0.0
UCGBVtwvzxkd2iX4JMaH_4Pg,30.0
UCGBVtwvzxkd2iX4JMaH_4Pg,30.0
UCGAOAB1tD432c5pyXMzS-6w,28.0
UCGAOAB1tD432c5pyXMzS-6w,23.0
UCGAOAB1tD432c5pyXMzS-6w,30.0
UCGAOAB1tD432c5pyXMzS-6w,29.0
UCG7J20LhUeLl6y_Emi7OJrA,22.0
UCG7J20LhUeLl6y_Emi7OJrA,23.0
UCG7BqcsAYc9C75iHMc5iPTA,1.0
UCG7BqcsAYc9C75iHMc5iPTA,3.0
UCG7BqcsAYc9C75iHMc5iPTA,0.0
UCFs23bEpTlHJt1RVN0UWI3Q,23.0
UCFs23bEpTlHJt1RVN0UWI3Q,28.0
UCFs23bEpTlHJt1RVN0UWI3Q,29.0
UCFs23bEpTlHJt1RVN0UWI3Q,30.0
UCFrGJqzPQZi-w7Hj57sRoSw,23.0
UCFrGJqzPQZi-w7Hj57sRoSw,30.0
UCFrGJqzPQZi-w7Hj57sRoSw,29.0
UCFZ7tUfV-BXWeS7BLTthi_A,30.0
UCFZ7tUfV-BXWeS7BLTthi_A,23.0
UCFXKLSrT-4-Mf5TRqv40rgw,13.0
UCFXKLSrT-4-Mf5TRqv40rgw,14.0
UCFXKLSrT-4-Mf5TRqv40rgw,12.0
UCFXKLSrT-4-Mf5TRqv40rgw,17.0
UCFXCGN9-roeqdFAatAwG8ew,0.0
UCFWAXGzg3lc60ydrrZMGhsA,28.0
UCFWAXGzg3lc60ydrrZMGhsA,29.0
UCFWAXGzg3lc60ydrrZMGhsA,30.0
UCFOSg71CRAJ58IPuV_-jMbw,22.0
UCFOSg71CRAJ58IPuV_-jMbw,23.0
UCFGBQdzpBoKTPe2NbRGyWBw,23.0
UCFGBQdzpBoKTPe2NbRGyWBw,0.0
UCF4m9eag3EnB0KTSGuw1mHQ,0.0
UCF4m9eag3EnB0KTSGuw1mHQ,23.0
UCEp20NgOZHmgWdbQdHSxgjw,22.0
UCEp20NgOZHmgWdbQdHSxgjw,23.0
UCEoCW7B1HEK4-uoqzaZ-vvw,23.0
UCEhvkp-GnxNsnHiDN_q2FnA,23.0
UCEhvkp-GnxNsnHiDN_q2FnA,28.0
UCEhvkp-GnxNsnHiDN_q2FnA,30.0
UCEeQ-cfpT6QfUON3I48q4JQ,28.0
UCEeQ-cfpT6QfUON3I48q4JQ,5.0
UCEeQ-cfpT6QfUON3I48q4JQ,30.0
UCEcrRXW3oEYfUctetZTAWLw,22.0
UCEcrRXW3oEYfUctetZTAWLw,23.0
UCEakj6jI7jTklY8uOA4Tpig,23.0
UCEakj6jI7jTklY8uOA4Tpig,1.0
UCEakj6jI7jTklY8uOA4Tpig,0.0
UCEakj6jI7jTklY8uOA4Tpig,3.0
UCEKJKJ3FO-9SFv5x5BzyxhQ,22.0
UCEKJKJ3FO-9SFv5x5BzyxhQ,14.0
UCEKJKJ3FO-9SFv5x5BzyxhQ,12.0
UCEKJKJ3FO-9SFv5x5BzyxhQ,15.0
UCEKJKJ3FO-9SFv5x5BzyxhQ,16.0
UCECJDeK0MNapZbpaOzxrUPA,47.0
UCECJDeK0MNapZbpaOzxrUPA,23.0
UCE7spuKzxP1k8A-XucxxUAQ,0.0
UCE7spuKzxP1k8A-XucxxUAQ,0.0
UCE4xstUnu0YmkG-W9_PyYrQ,23.0
UCE4xstUnu0YmkG-W9_PyYrQ,22.0
UCE28rwYoaV7jvU6GVzdu_GQ,30.0
UCDy24mzKpEtSm9Ugq8eY-7Q,35.0
UCDy24mzKpEtSm9Ugq8eY-7Q,23.0
UCDy24mzKpEtSm9Ugq8eY-7Q,30.0
UCDxhBSgPvrFvyXLdpmygDhg,24.0
UCDxhBSgPvrFvyXLdpmygDhg,22.0
UCDxhBSgPvrFvyXLdpmygDhg,23.0
UCDxhBSgPvrFvyXLdpmygDhg,27.0
UCDq5xAAgPXG9_39ptF3j3Hg,25.0
UCDq5xAAgPXG9_39ptF3j3Hg,1.0
UCDq5xAAgPXG9_39ptF3j3Hg,0.0
UCDq5xAAgPXG9_39ptF3j3Hg,23.0
UCDc1UerYL73gScmcQrnpv6w,0.0
UCDc1UerYL73gScmcQrnpv6w,30.0
UCDc1UerYL73gScmcQrnpv6w,23.0
UCDc1UerYL73gScmcQrnpv6w,31.0
UCDa02TLDhPaH8sUOc7dVmrg,0.0
UCDa02TLDhPaH8sUOc7dVmrg,4.0
UCDa02TLDhPaH8sUOc7dVmrg,1.0
UCDYspjKOhtvrWXpseQRVnGA,0.0
UCDYspjKOhtvrWXpseQRVnGA,1.0
UCDYspjKOhtvrWXpseQRVnGA,3.0
UCDVYQ4Zhbm3S2dlz7P1GBDg,28.0
UCDVYQ4Zhbm3S2dlz7P1GBDg,30.0
UCDVYQ4Zhbm3S2dlz7P1GBDg,29.0
UCDVYQ4Zhbm3S2dlz7P1GBDg,23.0
UCDTBGMkDfRYm3dR-GwHOZ2w,14.0
UCDTBGMkDfRYm3dR-GwHOZ2w,23.0
UCDNPo1xqZK05k_4B41oHtpQ,23.0
UCDNPo1xqZK05k_4B41oHtpQ,25.0
UCDCBdJ6fZzvbgjN8Vf67xOQ,30.0
UCDCBdJ6fZzvbgjN8Vf67xOQ,33.0
UCDCBdJ6fZzvbgjN8Vf67xOQ,34.0
UCDCBdJ6fZzvbgjN8Vf67xOQ,23.0
UCDBCCMlFD-hArPbWv38FINA,14.0
UCDBCCMlFD-hArPbWv38FINA,15.0
UCDBCCMlFD-hArPbWv38FINA,12.0
UCDBCCMlFD-hArPbWv38FINA,16.0
UCD6mBIpnABfPV5Gx5pqwo8w,0.0
UCD6mBIpnABfPV5Gx5pqwo8w,1.0
UCCyMRpic8eTJmtgs3_sBRtA,1.0
UCCyMRpic8eTJmtgs3_sBRtA,4.0
UCCyMRpic8eTJmtgs3_sBRtA,0.0
UCCxF55adGXOscJ3L8qdKnrQ,23.0
UCCxF55adGXOscJ3L8qdKnrQ,35.0
UCCxF55adGXOscJ3L8qdKnrQ,30.0
UCCuZ0r9pDMI8DwhtRV1fNhg,1.0
UCCuZ0r9pDMI8DwhtRV1fNhg,0.0
UCCuZ0r9pDMI8DwhtRV1fNhg,14.0
UCCoDli2_JuR8s0LofwMsWhw,30.0
UCCo6EC0MOfJSnHbD3LI6iFA,19.0
UCCo6EC0MOfJSnHbD3LI6iFA,12.0
UCCo6EC0MOfJSnHbD3LI6iFA,16.0
UCCo6EC0MOfJSnHbD3LI6iFA,15.0
UCCo6EC0MOfJSnHbD3LI6iFA,14.0
UCClfFsWcT3N2I7VTXXyt84A,23.0
UCClfFsWcT3N2I7VTXXyt84A,22.0
UCCZ8SLgCn24HjWi2DKHV24Q,23.0
UCCZ8SLgCn24HjWi2DKHV24Q,30.0
UCCZ8SLgCn24HjWi2DKHV24Q,33.0
UCCQi3X-PJGmd6DrPN9Rb6iw,15.0
UCCQi3X-PJGmd6DrPN9Rb6iw,16.0
UCCQi3X-PJGmd6DrPN9Rb6iw,14.0
UCCOrp7GPgZA8EGrbOcIAsyQ,23.0
UCCOrp7GPgZA8EGrbOcIAsyQ,22.0
UCCA9jYYLcoteMaqynrIAylA,23.0
UCCA9jYYLcoteMaqynrIAylA,30.0
UCCA9jYYLcoteMaqynrIAylA,33.0
UCCA9jYYLcoteMaqynrIAylA,34.0
UCC540wcJL0DeQlC8lgUP-XQ,15.0
UCC540wcJL0DeQlC8lgUP-XQ,14.0
UCC540wcJL0DeQlC8lgUP-XQ,16.0
UCC540wcJL0DeQlC8lgUP-XQ,12.0
UCC2lbKruS3-22iTD_1fe_MQ,0.0
UCC2lbKruS3-22iTD_1fe_MQ,42.0
UCC2lbKruS3-22iTD_1fe_MQ,0.0
UCC2lbKruS3-22iTD_1fe_MQ,42.0
UCC-eP3EYHMwsT1Qpn7zgg4g,23.0
UCC-eP3EYHMwsT1Qpn7zgg4g,22.0
UCBuXWxpjIyvm6MSM5hXMxQA,0.0
UCBuXWxpjIyvm6MSM5hXMxQA,1.0
UCBqDfuP9ElyPYYXFAXP0d4g,23.0
UCBqDfuP9ElyPYYXFAXP0d4g,25.0
UCBq8CLRcJN8rgqHOkyL1ozg,16.0
UCBq8CLRcJN8rgqHOkyL1ozg,15.0
UCBq8CLRcJN8rgqHOkyL1ozg,14.0
UCBq8CLRcJN8rgqHOkyL1ozg,19.0
UCBq8CLRcJN8rgqHOkyL1ozg,12.0
UCBmhLJgK9sLTXjxKcOHuzlQ,23.0
UCBmhLJgK9sLTXjxKcOHuzlQ,22.0
UCBmhLJgK9sLTXjxKcOHuzlQ,14.0
UCBiwPX2FFP4lhDdotS5dZdA,1.0
UCBiwPX2FFP4lhDdotS5dZdA,0.0
UCBcX4OY-HoPj6hc5-zpkTbw,42.0
UCBcX4OY-HoPj6hc5-zpkTbw,30.0
UCBcX4OY-HoPj6hc5-zpkTbw,41.0
UCBcX4OY-HoPj6hc5-zpkTbw,28.0
UCBaZGdG53JxD-3q2IDpaGJQ,1.0
UCBaZGdG53JxD-3q2IDpaGJQ,6.0
UCBaZGdG53JxD-3q2IDpaGJQ,4.0
UCBaZGdG53JxD-3q2IDpaGJQ,0.0
UCBU1iuJZN6UtBjQcgvuwJ_Q,1.0
UCBU1iuJZN6UtBjQcgvuwJ_Q,0.0
UCBU1iuJZN6UtBjQcgvuwJ_Q,23.0
UCBS1NUWY7oC6FFHaXQy4zAA,22.0
UCBS1NUWY7oC6FFHaXQy4zAA,23.0
UCBS1NUWY7oC6FFHaXQy4zAA,14.0
UCBJycsmduvYEL83R_U4JriQ,22.0
UCBJycsmduvYEL83R_U4JriQ,23.0
UCAwylBbx8RiRD3VsaYdwNTw,46.0
UCAwylBbx8RiRD3VsaYdwNTw,24.0
UCAwylBbx8RiRD3VsaYdwNTw,26.0
UCAvjYgmwadC682OoC4Cc6TQ,5.0
UCAvjYgmwadC682OoC4Cc6TQ,30.0
UCAvjYgmwadC682OoC4Cc6TQ,4.0
UCAncV2fEB-phVIMCESMCTvQ,4.0
UCAncV2fEB-phVIMCESMCTvQ,0.0
UCAncV2fEB-phVIMCESMCTvQ,1.0
UCAg8tUv0g5tydmqxPnejz9A,1.0
UCAg8tUv0g5tydmqxPnejz9A,0.0
UCAg8tUv0g5tydmqxPnejz9A,4.0
UCAYmlecATSG0wc5IxsFJSbQ,0.0
UCARqbKWOVj3u8MBNMkIZlLw,23.0
UCARqbKWOVj3u8MBNMkIZlLw,0.0
UCAPHsK1p8ACoaK-Br3nZaqw,23.0
UCAPHsK1p8ACoaK-Br3nZaqw,22.0
UCA2sMhX7_2RNFVXeaZ9Hyzw,12.0
UCA2sMhX7_2RNFVXeaZ9Hyzw,16.0
UCA2sMhX7_2RNFVXeaZ9Hyzw,14.0
UCA2sMhX7_2RNFVXeaZ9Hyzw,15.0
UCA0PfV-19qRaRpWVCLdsHLQ,1.0
UCA0PfV-19qRaRpWVCLdsHLQ,0.0
UC9xGsFc1c5DMSWCBvdiGQ4g,4.0
UC9xGsFc1c5DMSWCBvdiGQ4g,0.0
UC9xGsFc1c5DMSWCBvdiGQ4g,1.0
UC9upqenhU9d0keFOWtseYAw,23.0
UC9upqenhU9d0keFOWtseYAw,34.0
UC9upqenhU9d0keFOWtseYAw,30.0
UC9upqenhU9d0keFOWtseYAw,0.0
UC9upqenhU9d0keFOWtseYAw,33.0
UC9e0qpCqJO8ZStZwCBQNGjA,4.0
UC9e0qpCqJO8ZStZwCBQNGjA,0.0
UC9e0qpCqJO8ZStZwCBQNGjA,1.0
UC9UGYdMSKasjY0mhU1lG4lQ,23.0
UC9UGYdMSKasjY0mhU1lG4lQ,36.0
UC9UGYdMSKasjY0mhU1lG4lQ,40.0
UC9UGYdMSKasjY0mhU1lG4lQ,30.0
UC9PA83Wm4XJiNOCMiQBV3-g,22.0
UC9PA83Wm4XJiNOCMiQBV3-g,23.0
UC9MqlzNSrAqRidfDk8wtj8g,25.0
UC9MqlzNSrAqRidfDk8wtj8g,23.0
UC9CuvdOVfMPvKCiwdGKL3cQ,16.0
UC9CuvdOVfMPvKCiwdGKL3cQ,14.0
UC9CuvdOVfMPvKCiwdGKL3cQ,17.0
UC9CuvdOVfMPvKCiwdGKL3cQ,12.0
UC9CuvdOVfMPvKCiwdGKL3cQ,15.0
UC9B6kNDMv417QWQEoxW94hg,0.0
UC9B6kNDMv417QWQEoxW94hg,23.0
UC9-OpMMVoNP5o10_Iyq7Ndw,5.0
UC9-OpMMVoNP5o10_Iyq7Ndw,30.0
UC9-OpMMVoNP5o10_Iyq7Ndw,28.0
UC8wXC0ZCfGt3HaVLy_fdTQw,23.0
UC8wXC0ZCfGt3HaVLy_fdTQw,22.0
UC8uzOeIAWZ6JYO4mNx32bpw,29.0
UC8uzOeIAWZ6JYO4mNx32bpw,30.0
UC8rXxwwIYSk4lfPD_KJmK-A,1.0
UC8rXxwwIYSk4lfPD_KJmK-A,0.0
UC8anAR7xz9hZh1m9b0_gwPg,23.0
UC8anAR7xz9hZh1m9b0_gwPg,44.0
UC8anAR7xz9hZh1m9b0_gwPg,0.0
UC8anAR7xz9hZh1m9b0_gwPg,42.0
UC8aOXvlqQqMlTFvbbAarD-A,30.0
UC8aOXvlqQqMlTFvbbAarD-A,39.0
UC8aOXvlqQqMlTFvbbAarD-A,28.0
UC8aOXvlqQqMlTFvbbAarD-A,29.0
UC8Z766VdGCg9sSySmeL-APQ,15.0
UC8Z766VdGCg9sSySmeL-APQ,12.0
UC8Z766VdGCg9sSySmeL-APQ,14.0
UC8Z766VdGCg9sSySmeL-APQ,16.0
UC8WUVP4GinwyR1wc5i_dmWQ,1.0
UC8WUVP4GinwyR1wc5i_dmWQ,0.0
UC8Bl_sP2qE4c5F9mg1pNWBw,4.0
UC8Bl_sP2qE4c5F9mg1pNWBw,0.0
UC8Bl_sP2qE4c5F9mg1pNWBw,1.0
UC86mbDclXQeljk975_KZpXg,30.0
UC86mbDclXQeljk975_KZpXg,29.0
UC7zsxKqd5MicTf4VhS9Y74g,3.0
UC7zsxKqd5MicTf4VhS9Y74g,0.0
UC7zsxKqd5MicTf4VhS9Y74g,23.0
UC7zsxKqd5MicTf4VhS9Y74g,1.0
UC7wV9BwhmNksC2VxZbOqiZA,1.0
UC7wV9BwhmNksC2VxZbOqiZA,0.0
UC7wV9BwhmNksC2VxZbOqiZA,3.0
UC7wV9BwhmNksC2VxZbOqiZA,14.0
UC7trU46U_9XPDtMnDbiDPUQ,14.0
UC7trU46U_9XPDtMnDbiDPUQ,16.0
UC7trU46U_9XPDtMnDbiDPUQ,15.0
UC7trU46U_9XPDtMnDbiDPUQ,12.0
UC7trU46U_9XPDtMnDbiDPUQ,19.0
UC7dyZ6jsxJ2PyaCUPuQmS-Q,30.0
UC7dyZ6jsxJ2PyaCUPuQmS-Q,32.0
UC7dyZ6jsxJ2PyaCUPuQmS-Q,23.0
UC7dyZ6jsxJ2PyaCUPuQmS-Q,20.0
UC7bYyWCCCLHDU0ZuNzGNTtg,23.0
UC7bYyWCCCLHDU0ZuNzGNTtg,0.0
UC7bYyWCCCLHDU0ZuNzGNTtg,26.0
UC7_YxT-KID8kRbqZo7MyscQ,14.0
UC7_YxT-KID8kRbqZo7MyscQ,12.0
UC7_YxT-KID8kRbqZo7MyscQ,16.0
UC7_YxT-KID8kRbqZo7MyscQ,15.0
UC7ZUfHFsuQcW7BkTHnXJtqw,29.0
UC7ZUfHFsuQcW7BkTHnXJtqw,30.0
UC7ZUfHFsuQcW7BkTHnXJtqw,28.0
UC7YR3r5c2DVao-gC8YwLxZA,30.0
UC7YR3r5c2DVao-gC8YwLxZA,5.0
UC7TIkH-0TzhP1EmSD9QN3xw,16.0
UC7TIkH-0TzhP1EmSD9QN3xw,14.0
UC7TIkH-0TzhP1EmSD9QN3xw,15.0
UC7TIkH-0TzhP1EmSD9QN3xw,12.0
UC7OjANppBi8u3yI4dLAtxDg,14.0
UC7OjANppBi8u3yI4dLAtxDg,12.0
UC7OjANppBi8u3yI4dLAtxDg,15.0
UC7OjANppBi8u3yI4dLAtxDg,16.0
UC6zuHOLcKY74-K3kSvrP4zw,0.0
UC6zuHOLcKY74-K3kSvrP4zw,23.0
UC6yWIz6-3JsOUAw2HBwup-w,0.0
UC6yWIz6-3JsOUAw2HBwup-w,1.0
UC6yWIz6-3JsOUAw2HBwup-w,4.0
UC6tUZA7GiIZPaUu4FQXnFYA,22.0
UC6tUZA7GiIZPaUu4FQXnFYA,23.0
UC6phzNW-jqEZldwJ3BFrWgg,23.0
UC6phzNW-jqEZldwJ3BFrWgg,0.0
UC6mboRNUSgSjumTsQoRwsVQ,0.0
UC6mboRNUSgSjumTsQoRwsVQ,14.0
UC6mboRNUSgSjumTsQoRwsVQ,1.0
UC6gARF3ICgaLfs3o2znuqXA,23.0
UC6gARF3ICgaLfs3o2znuqXA,14.0
UC6gARF3ICgaLfs3o2znuqXA,22.0
UC6biysICWOJ-C3P4Tyeggzg,14.0
UC6biysICWOJ-C3P4Tyeggzg,23.0
UC6biysICWOJ-C3P4Tyeggzg,22.0
UC6biysICWOJ-C3P4Tyeggzg,24.0
UC6R2RChGBCs2xWlWvQnqoqw,23.0
UC6Pe-hXQUHvkA_V8H4xSUeQ,1.0
UC6Pe-hXQUHvkA_V8H4xSUeQ,0.0
UC6NJVNuibWilqOTeNCWZVIg,30.0
UC6NJVNuibWilqOTeNCWZVIg,29.0
UC6NJVNuibWilqOTeNCWZVIg,0.0
UC6KqYa6wbZho4l81DaLYJ4A,1.0
UC6KqYa6wbZho4l81DaLYJ4A,23.0
UC6KqYa6wbZho4l81DaLYJ4A,0.0
UC6Ew8hwM-UU2c9Cfv1ODMig,1.0
UC6Ew8hwM-UU2c9Cfv1ODMig,4.0
UC6Ew8hwM-UU2c9Cfv1ODMig,0.0
UC69nvMX24BQLrNs9FhQye1A,16.0
UC69nvMX24BQLrNs9FhQye1A,13.0
UC69nvMX24BQLrNs9FhQye1A,15.0
UC69nvMX24BQLrNs9FhQye1A,12.0
UC69nvMX24BQLrNs9FhQye1A,14.0
UC69J4D6ALJefbnt32N4JdiQ,42.0
UC69J4D6ALJefbnt32N4JdiQ,23.0
UC69J4D6ALJefbnt32N4JdiQ,0.0
UC63anZxfVGHUEmfBAf5w7pw,14.0
UC63anZxfVGHUEmfBAf5w7pw,12.0
UC63anZxfVGHUEmfBAf5w7pw,13.0
UC63anZxfVGHUEmfBAf5w7pw,16.0
UC63anZxfVGHUEmfBAf5w7pw,15.0
UC63anZxfVGHUEmfBAf5w7pw,17.0
UC5ujvySyX2svDmsle_--dpA,0.0
UC5ujvySyX2svDmsle_--dpA,1.0
UC5ujvySyX2svDmsle_--dpA,4.0
UC5syThgjktDV-C8_vNn0fvA,23.0
UC5syThgjktDV-C8_vNn0fvA,22.0
UC5sc1ysFs7RfjjEFMuQ3ZQw,12.0
UC5sc1ysFs7RfjjEFMuQ3ZQw,15.0
UC5sc1ysFs7RfjjEFMuQ3ZQw,14.0
UC5sc1ysFs7RfjjEFMuQ3ZQw,16.0
UC5c7sXwWNvA-KQ_b7OxdsMg,30.0
UC5c7sXwWNvA-KQ_b7OxdsMg,29.0
UC5QESDRf1F0v1Ig8KHpCVCQ,
UC5O1JiK8QpCDtfO4stF2heA,23.0
UC5I2hjZYiW9gZPVkvzM8_Cw,22.0
UC5I2hjZYiW9gZPVkvzM8_Cw,23.0
UC5HfVz8n-2l0Th4iGgO8Ijg,0.0
UC5HfVz8n-2l0Th4iGgO8Ijg,11.0
UC5HfVz8n-2l0Th4iGgO8Ijg,26.0
UC5CYHexPHhBavBtAnVWLQag,1.0
UC5CYHexPHhBavBtAnVWLQag,3.0
UC5CYHexPHhBavBtAnVWLQag,0.0
UC5CYHexPHhBavBtAnVWLQag,4.0
UC59Ied2j88dZUw7PzJa2-YA,0.0
UC59Ied2j88dZUw7PzJa2-YA,1.0
UC51UPs8iqgC6ugVROBcUQEQ,22.0
UC51UPs8iqgC6ugVROBcUQEQ,23.0
UC4ZHneTsPc0VeSh-IbI8p_g,0.0
UC4ZHneTsPc0VeSh-IbI8p_g,1.0
UC4Z8mPYjn6Dhr6n531YDh0Q,22.0
UC4Z8mPYjn6Dhr6n531YDh0Q,14.0
UC4Z8mPYjn6Dhr6n531YDh0Q,23.0
UC4YrkpqcIQgE4AU0JrEDy1w,22.0
UC4YrkpqcIQgE4AU0JrEDy1w,23.0
UC4PQqjGczpgmqbpicKjkwvw,41.0
UC4PQqjGczpgmqbpicKjkwvw,0.0
UC4PQqjGczpgmqbpicKjkwvw,1.0
UC4ORotFG894o67kkIUdjRkQ,1.0
UC4ORotFG894o67kkIUdjRkQ,0.0
UC4ORotFG894o67kkIUdjRkQ,4.0
UC4C82EijXu1iIxWXdHfeZ2A,28.0
UC4C82EijXu1iIxWXdHfeZ2A,30.0
UC4C82EijXu1iIxWXdHfeZ2A,5.0
UC3yHtryql8S7y2jukpFsZSg,19.0
UC3yHtryql8S7y2jukpFsZSg,14.0
UC3yHtryql8S7y2jukpFsZSg,16.0
UC3yHtryql8S7y2jukpFsZSg,15.0
UC3yHtryql8S7y2jukpFsZSg,12.0
UC3uOXQfZsAU2NMrZxraw5Aw,15.0
UC3uOXQfZsAU2NMrZxraw5Aw,13.0
UC3uOXQfZsAU2NMrZxraw5Aw,12.0
UC3uOXQfZsAU2NMrZxraw5Aw,14.0
UC3uOXQfZsAU2NMrZxraw5Aw,16.0
UC3iwxKMRg5l2aDG_8XK2nSQ,1.0
UC3iwxKMRg5l2aDG_8XK2nSQ,0.0
UC3c8H4Tlnm5M6pXsVMGnmNg,23.0
UC3c8H4Tlnm5M6pXsVMGnmNg,22.0
UC3B-Mhaj_RqsCoaH7tpsS-Q,1.0
UC3B-Mhaj_RqsCoaH7tpsS-Q,0.0
UC3B-Mhaj_RqsCoaH7tpsS-Q,14.0
UC3-hlzD0BnpDIJFz4-5kCNQ,0.0
UC3-hlzD0BnpDIJFz4-5kCNQ,30.0
UC3-hlzD0BnpDIJFz4-5kCNQ,29.0
UC3-_PHnCTrFcXl5jy9bgFEQ,23.0
UC2wKfjlioOCLP4xQMOWNcgg,19.0
UC2wKfjlioOCLP4xQMOWNcgg,14.0
UC2wKfjlioOCLP4xQMOWNcgg,12.0
UC2wKfjlioOCLP4xQMOWNcgg,15.0
UC2wKfjlioOCLP4xQMOWNcgg,16.0
UC2vBJ4InzgqlrLEpfZFMXaA,10.0
UC2vBJ4InzgqlrLEpfZFMXaA,22.0
UC2vBJ4InzgqlrLEpfZFMXaA,23.0
UC2uqduIrS_NCnYHUEtEyv8g,1.0
UC2uqduIrS_NCnYHUEtEyv8g,3.0
UC2uqduIrS_NCnYHUEtEyv8g,0.0
UC2dWMpMtdv7gngjY8BPpJLw,1.0
UC2dWMpMtdv7gngjY8BPpJLw,0.0
UC2ZUcriT2bWaHqhgLIeLLIQ,0.0
UC2ZUcriT2bWaHqhgLIeLLIQ,3.0
UC2Xd-TjJByJyK2w1zNwY0zQ,24.0
UC2Xd-TjJByJyK2w1zNwY0zQ,23.0
UC2Xd-TjJByJyK2w1zNwY0zQ,22.0
UC2VrA-oteANZQ07TquwBvAQ,22.0
UC2VrA-oteANZQ07TquwBvAQ,23.0
UC2Ss8mXyksW2SQfhhUpgR2g,29.0
UC2Ss8mXyksW2SQfhhUpgR2g,30.0
UC2Ss8mXyksW2SQfhhUpgR2g,28.0
UC2GhJfBa2P3ccu8bu1zRrdw,1.0
UC2GhJfBa2P3ccu8bu1zRrdw,0.0
UC2GhJfBa2P3ccu8bu1zRrdw,4.0
UC22g3lO65jiGoCZFRSZo3pQ,0.0
UC20LNUoBRKfV22BPh3pTxow,4.0
UC20LNUoBRKfV22BPh3pTxow,0.0
UC20LNUoBRKfV22BPh3pTxow,1.0
UC1yNl2E66ZzKApQdRuTQ4tw,24.0
UC1yNl2E66ZzKApQdRuTQ4tw,26.0
UC1aFuNR-wGg6EuLTdWOJnEg,30.0
UC1aFuNR-wGg6EuLTdWOJnEg,29.0
UC1aFuNR-wGg6EuLTdWOJnEg,20.0
UC1a2ZCw7tugRZYRMnecNj3A,29.0
UC1a2ZCw7tugRZYRMnecNj3A,0.0
UC1a2ZCw7tugRZYRMnecNj3A,30.0
UC1VLQPn9cYSqx8plbk9RxxQ,23.0
UC1VLQPn9cYSqx8plbk9RxxQ,24.0
UC1Fl1hKcaNsAmwolKq7rHFA,0.0
UC1Fl1hKcaNsAmwolKq7rHFA,23.0
UC1ElwUxgOSHK7ENhTe9tiCA,0.0
UC1EQXPSyMhU3GVfrsGg9-JA,0.0
UC1EQXPSyMhU3GVfrsGg9-JA,42.0
UC1EQXPSyMhU3GVfrsGg9-JA,1.0
UC1EQXPSyMhU3GVfrsGg9-JA,41.0
UC0vBXGSyV14uvJ4hECDOl0Q,23.0
UC0vBXGSyV14uvJ4hECDOl0Q,22.0
UC0uAeNHLLuAovOTHI-aOZiQ,22.0
UC0uAeNHLLuAovOTHI-aOZiQ,23.0
UC0uAeNHLLuAovOTHI-aOZiQ,14.0
UC0oI44ZUVCqq4meNOOaKPTQ,16.0
UC0oI44ZUVCqq4meNOOaKPTQ,14.0
UC0oI44ZUVCqq4meNOOaKPTQ,23.0
UC0oI44ZUVCqq4meNOOaKPTQ,22.0
UC0oI44ZUVCqq4meNOOaKPTQ,15.0
UC0g38gnMm8FZzSIpz66nHtQ,29.0
UC0g38gnMm8FZzSIpz66nHtQ,23.0
UC0g38gnMm8FZzSIpz66nHtQ,30.0
UC0eLBYhxW9HC0P9PXQ73mpQ,14.0
UC0eLBYhxW9HC0P9PXQ73mpQ,12.0
UC0eLBYhxW9HC0P9PXQ73mpQ,15.0
UC0eLBYhxW9HC0P9PXQ73mpQ,16.0
UC0cLA4f-mSqWumlCN62AE1w,23.0
UC0cLA4f-mSqWumlCN62AE1w,25.0
UC0b0EiEPwRewGAikHpjYTtA,0.0
UC0b0EiEPwRewGAikHpjYTtA,1.0
UC0b0EiEPwRewGAikHpjYTtA,4.0
UC0Zh1b-1vJiJqpXLD6FBkDA,23.0
UC0Zh1b-1vJiJqpXLD6FBkDA,0.0
UC0ZS0W3tXH-ipKHV97e0KMA,0.0
UC0ZS0W3tXH-ipKHV97e0KMA,4.0
UC0ZS0W3tXH-ipKHV97e0KMA,1.0
UC0URUr1bzLnOtcsYdVSXZbA,30.0
UC0URUr1bzLnOtcsYdVSXZbA,38.0
UC0URUr1bzLnOtcsYdVSXZbA,23.0
UC0P9pKFhs9RtrnSoRAj2f_g,1.0
UC0P9pKFhs9RtrnSoRAj2f_g,0.0
UC0P9pKFhs9RtrnSoRAj2f_g,23.0
UC04qsuZ7dZ1yWqGX2JOeZ5w,33.0
UC04qsuZ7dZ1yWqGX2JOeZ5w,30.0
UC04qsuZ7dZ1yWqGX2JOeZ5w,23.0
UC04qsuZ7dZ1yWqGX2JOeZ5w,34.0
UC-yRDvpR99LUc5l7i7jLzew,26.0
UC-yRDvpR99LUc5l7i7jLzew,24.0
UC-sWZPV-Wdg-vVP_Uj-SnRQ,0.0
UC-sWZPV-Wdg-vVP_Uj-SnRQ,5.0
UC-sWZPV-Wdg-vVP_Uj-SnRQ,30.0
UC-r4Tg3nBRALtxJn12fFP_Q,0.0
UC-r4Tg3nBRALtxJn12fFP_Q,3.0
UC-r4Tg3nBRALtxJn12fFP_Q,1.0
UC-mfn4ibOC5ewLcpmgl0C4g,24.0
UC-mfn4ibOC5ewLcpmgl0C4g,27.0
UC-mfn4ibOC5ewLcpmgl0C4g,23.0
UC-g_O9HWb5B0rVDG1hLd5Hw,15.0
UC-g_O9HWb5B0rVDG1hLd5Hw,12.0
UC-g_O9HWb5B0rVDG1hLd5Hw,16.0
UC-g_O9HWb5B0rVDG1hLd5Hw,13.0
UC-g_O9HWb5B0rVDG1hLd5Hw,14.0
UC-fIOAuozqNXLKvfhfTytqw,1.0
UC-fIOAuozqNXLKvfhfTytqw,0.0
UC-fIOAuozqNXLKvfhfTytqw,4.0
UC-dIYwXp7P3wUE5HeLtceZQ,0.0
UC-dIYwXp7P3wUE5HeLtceZQ,1.0
UC-Pk-TTaSrDOjkPKQ7C8HXQ,30.0
UC-Pk-TTaSrDOjkPKQ7C8HXQ,23.0
UC-HRN_YjNk-VOo8kD1UoMeg,14.0
UC-HRN_YjNk-VOo8kD1UoMeg,42.0
UC-HRN_YjNk-VOo8kD1UoMeg,43.0
UC-5zFN-bs6fB_MBRBtAlg4Q,29.0
UC-5zFN-bs6fB_MBRBtAlg4Q,30.0
