videoId,title,description,publishedAt,duration,channelId,channelTitle,thumbnail_url,viewCount,likeCount,commentCount,categoryId,topics
Cq_KA3VVN-4,Probando COMIDA CALLEJERA EN CHINA! | ¬øRealmente comen perro?,"Nunca hab√≠a sorprendido tanto a mi paladar...

* M√∫sica: Sakura - Myster https://youtu.be/TwiOJo88g2c
- Soundcloud de MYSTER https://soundcloud.com/mystersound
- Instagram de MYSTER https://www.instagram.com/freakmena/

¬°SUSCR√çBETE!

- Twitter @LuisitoComunica :::: https://www.twitter.com/LuisitoComunica
- Facebook :::: http://www.facebook.com/LuisitoComunica
- Instagram @LuisitoComunica :::: http://www.instagram.com/LuisitoComunica
- Vine @LuisitoComunica",2017-04-13T20:52:30Z,PT11M13S,UCECJDeK0MNapZbpaOzxrUPA,Luisito Comunica,https://i.ytimg.com/vi/Cq_KA3VVN-4/default.jpg,72565684,1417312,87420,23,"https://en.wikipedia.org/wiki/Food,https://en.wikipedia.org/wiki/Lifestyle_(sociology),https://en.wikipedia.org/wiki/Tourism"
htg_e_Q8D6s,Probando COMIDA DE $1 | ¬øQu√© TAN MALA es?,"¬°Me sorprendi√≥ encontrar comida TAN barata!

* M√∫sica: Jazz Club - Kriss http://freemusicarchive.org/music/Kriss/
- Used under license Creative Commons 3.0 https://creativecommons.org/licenses/by/3.0/

¬°SUSCR√çBETE!

- Twitter https://www.twitter.com/LuisitoComunica
- Facebook http://www.facebook.com/LuisitoComunica
- Instagram http://www.instagram.com/LuisitoComunica",2017-10-07T19:57:49Z,PT13M38S,UCECJDeK0MNapZbpaOzxrUPA,Luisito Comunica,https://i.ytimg.com/vi/htg_e_Q8D6s/default.jpg,68066110,1389698,47271,23,"https://en.wikipedia.org/wiki/Food,https://en.wikipedia.org/wiki/Lifestyle_(sociology)"
9S_cpitI3jU,"As√≠ viven en una c√°rcel para enfermos mentales | Topochico, M√©xico","Subir√© el video de la nueva prisi√≥n en unos d√≠as, suscr√≠banse para estar al pendiente.

¬°SUSCR√çBETE!

- Twitter https://www.twitter.com/LuisitoComunica
- Facebook http://www.facebook.com/LuisitoComunica
- Instagram http://www.instagram.com/LuisitoComunica",2019-10-15T19:32:04Z,PT27M11S,UCECJDeK0MNapZbpaOzxrUPA,Luisito Comunica,https://i.ytimg.com/vi/9S_cpitI3jU/default.jpg,52500221,1059076,40997,23,
hLwSyZSnaRU,Visitando un SUPERMERCADO EN VENEZUELA,"Un supermercado com√∫n y corriente en un pa√≠s que actualmente est√° en crisis. 

- Canal del buen Vic https://www.youtube.com/user/SoyIdeasAbstractas

* M√∫sica: Hot Mustard - S Strong https://youtu.be/TIUpOlFOZiE
- Soundcloud de S Strong https://soundcloud.com/stelios_strong
- Usada con licencia Creative Commons ‚Äî Attribution 3.0 Unported‚Äî CC BY 3.0 https://creativecommons.org/licenses/by/3.0/

¬°SUSCR√çBETE!

- Twitter https://www.twitter.com/LuisitoComunica
- Facebook http://www.facebook.com/LuisitoComunica
- Instagram http://www.instagram.com/LuisitoComunica",2017-06-26T19:35:23Z,PT10M58S,UCECJDeK0MNapZbpaOzxrUPA,Luisito Comunica,https://i.ytimg.com/vi/hLwSyZSnaRU/default.jpg,47117691,1258393,86862,23,
GkPFYufZ2oo,Comida BARATA vs CARA,"Compramos comida en diferentes lugares con la misma cantidad de dinero. Un an√°lisis de lo que la mayor√≠a solemos comer...

* M√∫sica DJ Masaya Mix: https://soundcloud.com/dj_masaya/dj-masaya-electrogypsyswing

¬°SUSCR√çBETE!

- Twitter @LuisitoComunica :::: https://www.twitter.com/LuisitoComunica
- Facebook :::: http://www.facebook.com/LuisitoComunica
- Instagram @LuisitoComunica :::: http://www.instagram.com/LuisitoComunica
- Vine @LuisitoComunica",2016-09-25T23:45:43Z,PT12M26S,UCECJDeK0MNapZbpaOzxrUPA,Luisito Comunica,https://i.ytimg.com/vi/GkPFYufZ2oo/default.jpg,46972881,985001,43040,23,"https://en.wikipedia.org/wiki/Food,https://en.wikipedia.org/wiki/Lifestyle_(sociology)"
D_rJXLLXJ8A,Avi√≥n primera clase COSTOSO vs MUY COSTOSO | Gran diferencia!,"Hasta entre primeras clases existe una GRAN diferencia...

* M√∫sica: I want to forget you - C.L.O https://soundcloud.com/clorap/bhad-i-want-to-forget-you-jazz
- Usada con licencia Creative Commons 3.0 https://creativecommons.org/licenses/by/3.0/

¬°SUSCR√çBETE!

- Twitter https://www.twitter.com/LuisitoComunica
- Facebook http://www.facebook.com/LuisitoComunica
- Instagram http://www.instagram.com/LuisitoComunica",2017-07-25T20:50:05Z,PT13M18S,UCECJDeK0MNapZbpaOzxrUPA,Luisito Comunica,https://i.ytimg.com/vi/D_rJXLLXJ8A/default.jpg,45703346,1146148,38334,23,
69qKUoGhoQo,As√≠ viven criminales en la prisi√≥n m√°s estricta del mundo | El Salvador CECOT,"Una dura medida que ha tra√≠do grandes avances a este pa√≠s. Gracias al CECOT y a la Secretar√≠a de Prensa de la Presidencia de El Salvador por abrirme las puertas para grabar este reportaje. 

Partes del video:

00:00 - Introducci√≥n Celda Aislamiento
00:11 - Vida Prisi√≥n Delitos
00:50 - Centro Confinamiento El Salvador
01:06 - M√°xima Seguridad Interrogatorio
01:28 - M√©todos Castigos
01:56 - Tecnolog√≠a Bloqueo Se√±al
02:24 - Revisi√≥n Integral Ingreso
02:40 - Acceso Restringido Visitas
03:07 - Control Motines
03:30 - Capacidad Celda
04:01 - Condenas Extremas
04:25 - Perdida Noci√≥n Tiempo
04:53 - Atenci√≥n M√©dica Interna
05:27 - Procedimiento Nuevos Delitos
06:08 - Audiencias Remotas
06:53 - Medidas Seguridad Traslados
07:10 - Vigilancia Torre
07:36 - M√©todos Dormir Prisioneros
07:59 - Extracci√≥n Ejercicio
08:32 - Anonimato Custodios
09:13 - Impacto Delincuencia
09:45 - Ejercicio Libre Movilidad
10:06 - Identificaci√≥n Pandillas
10:34 - Convivencia Forzada
11:18 - Celda Aislamiento Descripci√≥n
12:22 - Alimentaci√≥n Prisioneros
13:33 - Trabajo Comunitario
13:56 - Distribuci√≥n Comida
14:29 - Testimonio Pandillero
15:54 - Reflexi√≥n Salida C√°rcel
16:04 - Impresiones Finales


- C√°mbiate a PILLOFON, mi compa√±√≠a telef√≥nica https://pillofon.mx/
- Checa REY PALOMO, mi marca de ropa https://elreypalomo.com/
- Mi podcast ""En Cortinas"" https://www.youtube.com/channel/UCBGTa75yKQ84Q6Pcr3NQ_RA
- Mi canal de historias @Luisito Comunica Stories   https://www.youtube.com/channel/UCMw2OXRkEZ72sYBy8T56tqA

¬°SUSCR√çBETE!

- S√≠gueme en Instagram @LuisitoComunica http://www.instagram.com/LuisitoComunica
- S√≠gueme en Facebook http://www.facebook.com/LuisitoComunica
- Twitter https://www.twitter.com/LuisitoComunica",2024-02-07T20:13:51Z,PT16M49S,UCECJDeK0MNapZbpaOzxrUPA,Luisito Comunica,https://i.ytimg.com/vi/69qKUoGhoQo/default.jpg,44482788,1075148,38150,24,https://en.wikipedia.org/wiki/Society
FwHlGL33rXA,EXPLORANDO CHERNOBYL: Zona de Exclusi√≥n (parte 1/2),"Ve la segunda parte aqu√≠ https://youtu.be/6pOqp-CitKg

- M√∫sica https://soundcloud.com/sci-fi-music-prod/omega-omnium
* Used under a Creative Commons License granted through Soundcloud https://creativecommons.org/licenses/by/3.0/ / Utilizadas bajo una licencia Creative Commons otorgada a trav√©s de Soundcloud https://creativecommons.org/licenses/by/3.0/

¬°SUSCR√çBETE!

- Twitter https://www.twitter.com/LuisitoComunica
- Facebook http://www.facebook.com/LuisitoComunica
- Instagram http://www.instagram.com/LuisitoComunica",2019-06-17T18:00:02Z,PT24M12S,UCECJDeK0MNapZbpaOzxrUPA,Luisito Comunica,https://i.ytimg.com/vi/FwHlGL33rXA/default.jpg,43650045,1367996,56492,22,
7godoItuG_Q,Tem√≠ por mi vida ü§Øüó°Ô∏è,,2024-02-23T18:55:07Z,PT26S,UCECJDeK0MNapZbpaOzxrUPA,Luisito Comunica,https://i.ytimg.com/vi/7godoItuG_Q/default.jpg,42009341,2433305,24433,24,https://en.wikipedia.org/wiki/Lifestyle_(sociology)
v9j2BVSuha4,Probando comida de Los Simpson en VIDA REAL!,"Espero que les guste este videirijillo pillo de Luisillo el gordillo.

* M√∫sica: Swingin' Jazz - Nicolai Heidlas https://soundcloud.com/nicolai-heidlas/jazz-blues-background-music
- Used under Creative Commons License 3.0 https://creativecommons.org/licenses/by-sa/3.0/
- Soundcloud del artista https://soundcloud.com/nicolai-heidlas


¬°SUSCR√çBETE!

- Twitter https://www.twitter.com/LuisitoComunica
- Facebook http://www.facebook.com/LuisitoComunica
- Instagram http://www.instagram.com/LuisitoComunica",2018-01-05T20:58:26Z,PT11M24S,UCECJDeK0MNapZbpaOzxrUPA,Luisito Comunica,https://i.ytimg.com/vi/v9j2BVSuha4/default.jpg,39740225,1374737,51251,23,https://en.wikipedia.org/wiki/Lifestyle_(sociology)
N_T93jrpaSE,Probando COMIDA CALLEJERA en Argentina ü•üüá¶üá∑,"Luisisho El Gordisho sale a engordar por las calles de Argentina. No fue decepcionado.

- M√∫sica: https://soundcloud.com/srchancho/02-senor-chancho-dj-nirso-ft-ender-cumbiambera-rap
* Used under a Creative Commons License granted through Soundcloud https://creativecommons.org/licenses/by/3.0/ / Utilizadas bajo una licencia Creative Commons otorgada a trav√©s de Soundcloud https://creativecommons.org/licenses/by/3.0/

¬°SUSCR√çBETE!

- Twitter https://www.twitter.com/LuisitoComunica
- Facebook http://www.facebook.com/LuisitoComunica
- Instagram http://www.instagram.com/LuisitoComunica",2019-05-09T20:45:00Z,PT21M4S,UCECJDeK0MNapZbpaOzxrUPA,Luisito Comunica,https://i.ytimg.com/vi/N_T93jrpaSE/default.jpg,38336267,725615,78539,23,"https://en.wikipedia.org/wiki/Food,https://en.wikipedia.org/wiki/Lifestyle_(sociology),https://en.wikipedia.org/wiki/Tourism"
XFzuUwiL85U,"Visit√© el pa√≠s donde NADIE vive | Ordos, China","¬øAlguna vez hab√≠an escuchado de un territorio tan moderno y tan solitario?

- M√∫sica: https://soundcloud.com/la-cantina/walkmans-ballad-feat-grandhuit
* Used under a Creative Commons License granted through Soundcloud https://creativecommons.org/licenses/by/3.0/ / Utilizadas bajo una licencia Creative Commons otorgada a trav√©s de Soundcloud https://creativecommons.org/licenses/by/3.0/

- M√∫sica 2: Thinking - Kevin MacLeod
* Used under a Creative Commons License granted through Soundcloud https://creativecommons.org/licenses/by/3.0/ / Utilizadas bajo una licencia Creative Commons otorgada a trav√©s de Soundcloud https://creativecommons.org/licenses/by/3.0/

¬°SUSCR√çBETE!

- Twitter https://www.twitter.com/LuisitoComunica
- Facebook http://www.facebook.com/LuisitoComunica
- Instagram http://www.instagram.com/LuisitoComunica",2019-04-01T19:30:01Z,PT22M46S,UCECJDeK0MNapZbpaOzxrUPA,Luisito Comunica,https://i.ytimg.com/vi/XFzuUwiL85U/default.jpg,38257903,714813,36352,23,"https://en.wikipedia.org/wiki/Lifestyle_(sociology),https://en.wikipedia.org/wiki/Tourism"
13VkKQGJoSc,As√≠ es la COMIDA R√ÅPIDA AMERICANA en CHINA!,"Franquicias como Mc Donald's y KFC han hecho cambios inmensos para tener √©xito con los chinos! Espero que les guste el video, amigos! :D

* M√∫sica: Sakura - Myster https://youtu.be/TwiOJo88g2c
- Soundcloud de Myster https://soundcloud.com/mystersound
- Instagram de Myster https://www.instagram.com/freakmena/
- Twitter de Myster https://twitter.com/mystwr

¬°SUSCR√çBETE!

- Twitter @LuisitoComunica :::: https://www.twitter.com/LuisitoComunica
- Facebook :::: http://www.facebook.com/LuisitoComunica
- Instagram @LuisitoComunica :::: http://www.instagram.com/LuisitoComunica
- Vine @LuisitoComunica",2017-04-27T21:23:58Z,PT12M36S,UCECJDeK0MNapZbpaOzxrUPA,Luisito Comunica,https://i.ytimg.com/vi/13VkKQGJoSc/default.jpg,37553710,735950,25677,23,"https://en.wikipedia.org/wiki/Food,https://en.wikipedia.org/wiki/Lifestyle_(sociology)"
FMJYFFdrI68,As√≠ es volar en PRIMERA CLASE!,"Excelente final para una excelente aventura.

* M√∫sica: El Choclo - Driussi https://soundcloud.com/joaquindriussi/cool-shiji
- Insta de Driussi https://www.instagram.com/joacodriussi/
- Soundcloud de Driussi https://soundcloud.com/joaquindriussi

¬°SUSCR√çBETE!

- Twitter @LuisitoComunica :::: https://www.twitter.com/LuisitoComunica
- Facebook :::: http://www.facebook.com/LuisitoComunica
- Instagram @LuisitoComunica :::: http://www.instagram.com/LuisitoComunica
- Vine @LuisitoComunica",2017-04-16T18:00:09Z,PT11M24S,UCECJDeK0MNapZbpaOzxrUPA,Luisito Comunica,https://i.ytimg.com/vi/FMJYFFdrI68/default.jpg,37132312,881149,39501,23,https://en.wikipedia.org/wiki/Lifestyle_(sociology)
o3xC6xROIVk,Los baratos cigarrillos de 5 centavos en la India üáÆüá≥üö¨,,2023-03-14T18:55:05Z,PT59S,UCECJDeK0MNapZbpaOzxrUPA,Luisito Comunica,https://i.ytimg.com/vi/o3xC6xROIVk/default.jpg,34476005,1786982,4027,24,https://en.wikipedia.org/wiki/Lifestyle_(sociology)
HFsFY4GOz00,Probando comida callejera en JAP√ìN! üáØüáµ,"Luisillo el Gordillo posiblemente termine como luchador de sumo al final de esta traves√≠a.

- M√∫sica: https://soundcloud.com/charset/bamboo-grove
* Used under a Creative Commons License 3.0 granted through Soundcloud https://creativecommons.org/licenses/by-sa/3.0/ / Utilizada bajo una licencia Creative Commons 3.0 otorgada a trav√©s de Soundcloud https://creativecommons.org/licenses/by-sa/3.0/

¬°SUSCR√çBETE!

- Twitter https://www.twitter.com/LuisitoComunica
- Facebook http://www.facebook.com/LuisitoComunica
- Instagram http://www.instagram.com/LuisitoComunica",2018-10-12T18:00:00Z,PT15M6S,UCECJDeK0MNapZbpaOzxrUPA,Luisito Comunica,https://i.ytimg.com/vi/HFsFY4GOz00/default.jpg,33688445,627419,21189,23,"https://en.wikipedia.org/wiki/Food,https://en.wikipedia.org/wiki/Lifestyle_(sociology)"
yuFAe1oPoy0,As√≠ es el dinero en Venezuela | UN D√ìLAR VALE ORO!,"Es un tema muy complicado...

* M√∫sica: Jazz Club - Kriss http://freemusicarchive.org/music/Kriss/
- Usada con licencia Creative Commons ‚Äî Attribution-NoDerivs 3.0 Unported‚Äî CC BY-ND 3.0 https://creativecommons.org/licenses/by-nd/3.0/
- Music provided by Audio Library https://youtu.be/XFh4xCY2BGU

¬°SUSCR√çBETE!

- Twitter https://www.twitter.com/LuisitoComunica
- Facebook http://www.facebook.com/LuisitoComunica
- Instagram http://www.instagram.com/LuisitoComunica",2017-06-23T19:41:07Z,PT11M22S,UCECJDeK0MNapZbpaOzxrUPA,Luisito Comunica,https://i.ytimg.com/vi/yuFAe1oPoy0/default.jpg,30680460,798569,54623,23,https://en.wikipedia.org/wiki/Society
YfmbmUJ0aXI,Productos ORIGINALES vs GEN√âRICOS | ¬øConviene gastar m√°s?,"¬øConviene gastar en los productos de ""mejor calidad""? ¬øO resultan ser enteramente lo mismo? ¬°Gracias a mis amigos @YayoGutierrez y @DebRyanShow por ayudarme con este video! :D

* M√∫sica: Little Lily Swing - Tri-Tachyon https://soundcloud.com/tri-tachyon/little-lily-swing
- Used under license Creative Commons 3.0 https://creativecommons.org/licenses/by/3.0/
- Facebook del m√∫sico https://www.facebook.com/Tri-Tachyon-1593864174264842/
- Bandcamp del m√∫sico https://tri-tachyon.bandcamp.com/
- Twitter del m√∫sico https://twitter.com/Tri_Tachyon

* Canal de Yayo Guti√©rrez https://www.youtube.com/user/NoMeRevientes
- Twitter de Yayo https://twitter.com/YayoGutierrez
- Instagram de Yayo https://www.instagram.com/YayoGutierrez/
- Facebook de Yayo https://www.facebook.com/GutierrezYayo

* Canal de Ryan https://www.youtube.com/user/DebRyanShow
- Twitter de Ryan https://twitter.com/DebRyanShow
- Instagram de Ryan https://www.instagram.com/DebRyanShow/
- Facebook de Ryan https://www.facebook.com/DebRyanShow

¬°SUSCR√çBETE!

- Twitter https://www.twitter.com/LuisitoComunica
- Facebook http://www.facebook.com/LuisitoComunica
- Instagram http://www.instagram.com/LuisitoComunica",2017-08-04T18:55:26Z,PT15M8S,UCECJDeK0MNapZbpaOzxrUPA,Luisito Comunica,https://i.ytimg.com/vi/YfmbmUJ0aXI/default.jpg,30037455,743991,41699,23,"https://en.wikipedia.org/wiki/Food,https://en.wikipedia.org/wiki/Lifestyle_(sociology)"
e8m9CWbP4hs,Visit√© el templo sagrado de las ratas en la India...,"Nos aventuramos por Bikaner, en India, para visitar Karni Mata: el peculiar templo donde las ratas son consideradas un animal sagrado.

- M√∫sica: https://soundcloud.com/voodoohop/urubu-sokak
* Used under a Creative Commons License granted through Soundcloud https://creativecommons.org/licenses/by/3.0/ / Utilizada bajo una licencia Creative Commons otorgada a trav√±es de Soundcloud https://creativecommons.org/licenses/by/3.0/

¬°SUSCR√çBETE!

- Twitter https://www.twitter.com/LuisitoComunica
- Facebook http://www.facebook.com/LuisitoComunica
- Instagram http://www.instagram.com/LuisitoComunica",2019-02-20T20:15:02Z,PT20M2S,UCECJDeK0MNapZbpaOzxrUPA,Luisito Comunica,https://i.ytimg.com/vi/e8m9CWbP4hs/default.jpg,29662480,620362,55614,23,"https://en.wikipedia.org/wiki/Lifestyle_(sociology),https://en.wikipedia.org/wiki/Tourism"
w6bJZSzVlX0,ESTO ES UN CAOS üáÆüá≥ Mercados callejeros de India,"Visitamos los ca√≥ticos mercados callejeros de Delhi, y pasamos a la completa paz en templos y monumentos de esta ciudad. India me est√° haciendo FLIPAR :D

- Seguro algo de Rey Palomo te gusta  https://elreypalomo.com/

- M√∫sica: https://soundcloud.com/lokalaffair/tomanka-disumba-lokal-affair-edit
* Used under a Creative Commons 3.0 License granted through Soundcloud https://creativecommons.org/licenses/by-sa/3.0/ / Utilizada bajo una licencia Creative Commons 3.0 otorgada a trav√©s de Soundcloud https://creativecommons.org/licenses/by-sa/3.0/

¬°SUSCR√çBETE!

- Twitter https://www.twitter.com/LuisitoComunica
- Facebook http://www.facebook.com/LuisitoComunica
- Instagram http://www.instagram.com/LuisitoComunica",2019-02-17T20:15:01Z,PT21M49S,UCECJDeK0MNapZbpaOzxrUPA,Luisito Comunica,https://i.ytimg.com/vi/w6bJZSzVlX0/default.jpg,29239435,355035,24733,23,"https://en.wikipedia.org/wiki/Lifestyle_(sociology),https://en.wikipedia.org/wiki/Tourism"
fPl4NbmgJQM,Intent√© hacer un d√≠a de entrenamiento militar en Colombia,"Video de BERTH: https://youtu.be/4LpFzNldejA

- M√∫sica: https://soundcloud.com/beatsofallnations
* Used under a Creative Commons license granted through Soundcloud https://creativecommons.org/licenses/by/3.0/

¬°SUSCR√çBETE!

- Twitter https://www.twitter.com/LuisitoComunica
- Facebook http://www.facebook.com/LuisitoComunica
- Instagram http://www.instagram.com/LuisitoComunica",2018-11-25T19:00:04Z,PT11M3S,UCECJDeK0MNapZbpaOzxrUPA,Luisito Comunica,https://i.ytimg.com/vi/fPl4NbmgJQM/default.jpg,28889973,971581,32329,23,"https://en.wikipedia.org/wiki/Lifestyle_(sociology),https://en.wikipedia.org/wiki/Military"
OGIIPEaAzQI,EL RETO DEL SUSHI üç£ Luisillo El Gordillo | JAP√ìN,"Su hambre no tiene l√≠mites. Su nivel de epicidad tampoco.

Viajes chidos a la medida a Jap√≥n con la agencia m√°s cool https://www.yoitabitravel.com/

- M√∫sica: https://soundcloud.com/thuskann/indian-wedding-timbaland
* Used under a Creative Commons License granted through Soundcloud https://creativecommons.org/licenses/by/3.0/ / Utilizadas bajo una licencia Creative Commons otorgada a trav√©s de Soundcloud https://creativecommons.org/licenses/by/3.0/

¬°SUSCR√çBETE!

- Twitter https://www.twitter.com/LuisitoComunica
- Facebook http://www.facebook.com/LuisitoComunica
- Instagram http://www.instagram.com/LuisitoComunica",2019-03-12T22:00:10Z,PT20M59S,UCECJDeK0MNapZbpaOzxrUPA,Luisito Comunica,https://i.ytimg.com/vi/OGIIPEaAzQI/default.jpg,28795328,409442,14985,23,"https://en.wikipedia.org/wiki/Food,https://en.wikipedia.org/wiki/Lifestyle_(sociology),https://en.wikipedia.org/wiki/Tourism"
gg24vWLBtkY,Ir al cine NORMAL vs VIP | Cin√©polis vs Cinemex | ¬øCu√°l es mejor?,"Pas√© todo el d√≠a en salas de cine comparando los servicios de las diferentes compa√±√≠as y sus categor√≠as. Fue un divertido y oscuro d√≠a.

* M√∫sica: Boogie Belgique - Piccadily (S Strong remix) https://soundcloud.com/stelios_strong/boogie-belgique-piccadily-s
- www.facebook.com/BoogieBelgique
- https://soundcloud.com/boogiebelgique
- https://soundcloud.com/stelios_strong
- Usada con licencia Creative Commons 3.0 https://creativecommons.org/licenses/by/3.0/

¬°SUSCR√çBETE!

- Twitter @LuisitoComunica :::: https://www.twitter.com/LuisitoComunica
- Facebook :::: http://www.facebook.com/LuisitoComunica
- Instagram @LuisitoComunica :::: http://www.instagram.com/LuisitoComunica
- Vine @LuisitoComunica",2017-06-04T19:02:32Z,PT13M8S,UCECJDeK0MNapZbpaOzxrUPA,Luisito Comunica,https://i.ytimg.com/vi/gg24vWLBtkY/default.jpg,27733760,720773,31117,23,"https://en.wikipedia.org/wiki/Entertainment,https://en.wikipedia.org/wiki/Film"
ThCtZCkk4Rc,El cementerio de autos de lujo ABANDONADOS de Dubai,"¬°SUSCR√çBETE!

- Twitter https://www.twitter.com/LuisitoComunica
- Facebook http://www.facebook.com/LuisitoComunica
- Instagram http://www.instagram.com/LuisitoComunica

M√∫sica :https://soundcloud.com/vrunomusic/bajando-del-arbol-original-mix",2019-08-27T20:07:46Z,PT14M32S,UCECJDeK0MNapZbpaOzxrUPA,Luisito Comunica,https://i.ytimg.com/vi/ThCtZCkk4Rc/default.jpg,27413805,543053,20411,23,"https://en.wikipedia.org/wiki/Lifestyle_(sociology),https://en.wikipedia.org/wiki/Vehicle"
N240wiPw2EM,Probando comida callejera en TAILANDIA üáπüá≠| Luisillo El Gordillo,"Compra √©pica ropa de Rey Palomo aqu√≠ https://elreypalomo.com/

Luisillo El Gordillo regresa, una vez m√°s, ahora probando las exquisiteces que Tailandia tiene que ofrecer. La cosa se puso engordante; como Chuletona La Glotona lo ha afirmado: ""sabroso, pero grasoso"".

- M√∫sica: https://soundcloud.com/ludotrope/14-sanae-petchaboon-pen-jung
* Used under a Creative Commons licence 3.0 granted through Soundcloud https://creativecommons.org/licenses/by/3.0/ / Utilizada bajo una licencia Creative Commons 3.0 otorgada a trav√©s de Soundcloud https://creativecommons.org/licenses/by/3.0/

¬°SUSCR√çBETE!

- Twitter https://www.twitter.com/LuisitoComunica
- Facebook http://www.facebook.com/LuisitoComunica
- Instagram http://www.instagram.com/LuisitoComunica",2018-12-09T20:15:00Z,PT18M14S,UCECJDeK0MNapZbpaOzxrUPA,Luisito Comunica,https://i.ytimg.com/vi/N240wiPw2EM/default.jpg,27192499,458237,20091,23,"https://en.wikipedia.org/wiki/Food,https://en.wikipedia.org/wiki/Lifestyle_(sociology),https://en.wikipedia.org/wiki/Tourism"
Xmxp0wuXjjo,Tengo el tel√©fono HUAWEI que se dobla üò± ¬øVale la pena gastar TANTO? | Huawei Mate XS,"¬°SUSCR√çBETE!

- Twitter https://www.twitter.com/LuisitoComunica
- Facebook http://www.facebook.com/LuisitoComunica
- Instagram http://www.instagram.com/LuisitoComunica",2020-03-05T21:12:56Z,PT13M28S,UCECJDeK0MNapZbpaOzxrUPA,Luisito Comunica,https://i.ytimg.com/vi/Xmxp0wuXjjo/default.jpg,26507162,873174,33808,23,"https://en.wikipedia.org/wiki/Lifestyle_(sociology),https://en.wikipedia.org/wiki/Technology"
VbvkT2Y-00Y,Probando comida callejera en VENEZUELA üáªüá™ü´ì,"Luisillo El Gordillo se aventura por Venezuela. Fue una deliciosa y muy frita aventura‚Ä¶

Momentos en el video:

00:00 Intro
01:50 Empanada gigante
05:44 Pabell√≥n
07:38 Pepitos de 2 metros 
12:52 Arepas
16:26 Cachapa
17:44 Despedida

M√∫sica por: https://selloregional.com/

- C√°mbiate a PILLOFON, mi compa√±√≠a telef√≥nica https://pillofon.mx/
- Checa REY PALOMO, mi marca de ropa https://elreypalomo.com/
- Mi podcast ""En Cortinas"" https://www.youtube.com/channel/UCBGTa75yKQ84Q6Pcr3NQ_RA
- Mi canal de historias @Luisito Comunica Stories   https://www.youtube.com/channel/UCMw2OXRkEZ72sYBy8T56tqA

¬°SUSCR√çBETE!

- S√≠gueme en Instagram @LuisitoComunica http://www.instagram.com/LuisitoComunica
- S√≠gueme en Facebook http://www.facebook.com/LuisitoComunica
- Twitter https://www.twitter.com/LuisitoComunica",2021-09-01T20:13:25Z,PT18M29S,UCECJDeK0MNapZbpaOzxrUPA,Luisito Comunica,https://i.ytimg.com/vi/VbvkT2Y-00Y/default.jpg,26008947,565508,29027,23,"https://en.wikipedia.org/wiki/Food,https://en.wikipedia.org/wiki/Lifestyle_(sociology)"
XvrngnRhOis,Visitando un SUPERMERCADO EN CHINA!,"Desde dulces deliciosos hasta tortugas por kilo... Bienvenido a LuisiToooops...

* M√∫sica: Arigato - Myster https://youtu.be/TrXiq2SprEU

¬°SUSCR√çBETE!

- Twitter @LuisitoComunica :::: https://www.twitter.com/LuisitoComunica
- Facebook :::: http://www.facebook.com/LuisitoComunica
- Instagram @LuisitoComunica :::: http://www.instagram.com/LuisitoComunica
- Vine @LuisitoComunica",2017-03-30T22:24:49Z,PT11M49S,UCECJDeK0MNapZbpaOzxrUPA,Luisito Comunica,https://i.ytimg.com/vi/XvrngnRhOis/default.jpg,25981599,526230,21067,23,"https://en.wikipedia.org/wiki/Food,https://en.wikipedia.org/wiki/Lifestyle_(sociology),https://en.wikipedia.org/wiki/Tourism"
BxnBmK0Gr2c,Probando COMIDA CALLEJERA en Guatemala üêñüá¨üáπ,"Luisillo El Gordillo ha devorado en tierras guatemaltecas.

- M√∫sica https://soundcloud.com/kumbale/01-jungla-de-fuego-pueblo
* Used under a Creative Commons License granted through Soundcloud https://creativecommons.org/licenses/by/3.0/ / Utilizadas bajo una licencia Creative Commons otorgada a trav√©s de Soundcloud https://creativecommons.org/licenses/by/3.0/

¬°SUSCR√çBETE!

- Twitter https://www.twitter.com/LuisitoComunica
- Facebook http://www.facebook.com/LuisitoComunica
- Instagram http://www.instagram.com/LuisitoComunica",2019-07-29T18:15:02Z,PT16M14S,UCECJDeK0MNapZbpaOzxrUPA,Luisito Comunica,https://i.ytimg.com/vi/BxnBmK0Gr2c/default.jpg,25914616,614813,48039,23,"https://en.wikipedia.org/wiki/Food,https://en.wikipedia.org/wiki/Lifestyle_(sociology)"
2I5Qh35SSP0,Vol√© con la aerol√≠nea m√°s costosa EMIRATES  üí∏ ¬øVale la pena pagar TANTO? üõ©Ô∏è,"Muy grata experiencia. Me ha encantado :D

¬°SUSCR√çBETE!

- Twitter https://www.twitter.com/LuisitoComunica
- Facebook http://www.facebook.com/LuisitoComunica
- Instagram http://www.instagram.com/LuisitoComunica",2019-12-20T23:22:02Z,PT18M59S,UCECJDeK0MNapZbpaOzxrUPA,Luisito Comunica,https://i.ytimg.com/vi/2I5Qh35SSP0/default.jpg,25317679,610349,17360,23,https://en.wikipedia.org/wiki/Lifestyle_(sociology)
_LGICP29iHg,Probando COMIDA CALLEJERA en COREA DEL SUR üá∞üá∑ü•¢,"Desde lo m√°s sabroso hasta lo menos apetitoso, Luisillo El Gordillo lo devorar√° como un oso. 

00:00 INTRO
0:57 Topokki - salchicha de arroz
03:00 Pizza Sur Coreana
04:28 Japchae - fideos cl√°sicos
06:23 Barbacoa Coreana
08:21 Ra√≠z extra√±a
09:20 AGAR-AGAR - Gelatina rara 
11:03 Banderillas de''Omu''.
11:52 Donas coreanas
13:22 Helado con malvavisco
14:34 Galleta moneda
16:16 Intestino de cerdo
18:12 Puestos callejeros
19:02 Despedida

- C√°mbiate a PILLOFON, mi compa√±√≠a telef√≥nica https://pillofon.mx/
- Checa REY PALOMO, mi marca de ropa https://elreypalomo.com/
- Mi podcast ""En Cortinas"" https://www.youtube.com/channel/UCBGTa75yKQ84Q6Pcr3NQ_RA
- Mi canal de historias @Luisito Comunica Stories   https://www.youtube.com/channel/UCMw2OXRkEZ72sYBy8T56tqA

¬°SUSCR√çBETE!

- S√≠gueme en Instagram @LuisitoComunica http://www.instagram.com/LuisitoComunica
- S√≠gueme en Facebook http://www.facebook.com/LuisitoComunica
- Twitter https://www.twitter.com/LuisitoComunica",2022-08-05T18:54:57Z,PT19M35S,UCECJDeK0MNapZbpaOzxrUPA,Luisito Comunica,https://i.ytimg.com/vi/_LGICP29iHg/default.jpg,25211714,302316,4572,24,"https://en.wikipedia.org/wiki/Food,https://en.wikipedia.org/wiki/Lifestyle_(sociology),https://en.wikipedia.org/wiki/Tourism"
zge0FVqIqAw,As√≠ es el castillo real de DR√ÅCULA en Transilvania üßõ‚Äç‚ôÇÔ∏èüè∞,"¬øEl castillo de Dr√°cula realmente es la experiencia que uno espera?

- M√∫sica https://soundcloud.com/pakapirecords/el-zombieflash-resiste
* Usada bajo licencia Creative Commons 3.0 otorgada a trav√©s de Soundcloud https://creativecommons.org/licenses/by/3.0/ / Used under a Creative Commons 3.0 license granted through Soundcloud https://creativecommons.org/licenses/by/3.0/

¬°SUSCR√çBETE!

- Twitter https://www.twitter.com/LuisitoComunica
- Facebook http://www.facebook.com/LuisitoComunica
- Instagram http://www.instagram.com/LuisitoComunica",2019-06-28T18:15:01Z,PT16M41S,UCECJDeK0MNapZbpaOzxrUPA,Luisito Comunica,https://i.ytimg.com/vi/zge0FVqIqAw/default.jpg,24941268,629831,21516,23,"https://en.wikipedia.org/wiki/Lifestyle_(sociology),https://en.wikipedia.org/wiki/Tourism"
w-pIBtP21vc,Probando comida callejera en INDIA | ¬øLa ‚Äúm√°s sucia‚Äù del mundo? üáÆüá≥,"Luisillo El Gordillo recorre las calles del subcontinente de India y se encuentra con menudas delicias picantes. 

00:00 Intro
00:32 Comida en india
01:16 Barata y picosa
02:20 Aloo tikk
03:40 Son vegetarianos
04:20 Daal Baati
06:12 Cocinas economicas
06:35 Taali
08:14 Les encanta sudar
09:20 Gulab yamun
10:27 Mirchi bada
12:34 Tradicional digestivo
15:10 Samosa
16:23 Pani patasi
17:25 Despedida

- C√°mbiate a PILLOFON, mi compa√±√≠a telef√≥nica https://pillofon.mx/
- Checa REY PALOMO, mi marca de ropa https://elreypalomo.com/
- Mi podcast ""En Cortinas"" https://www.youtube.com/channel/UCBGTa75yKQ84Q6Pcr3NQ_RA
- Mi canal de historias @Luisito Comunica Stories   https://www.youtube.com/channel/UCMw2OXRkEZ72sYBy8T56tqA

¬°SUSCR√çBETE!

- S√≠gueme en Instagram @LuisitoComunica http://www.instagram.com/LuisitoComunica
- S√≠gueme en Facebook http://www.facebook.com/LuisitoComunica
- Twitter https://www.twitter.com/LuisitoComunica",2023-03-22T18:03:24Z,PT18M12S,UCECJDeK0MNapZbpaOzxrUPA,Luisito Comunica,https://i.ytimg.com/vi/w-pIBtP21vc/default.jpg,24929508,295855,9078,24,"https://en.wikipedia.org/wiki/Food,https://en.wikipedia.org/wiki/Lifestyle_(sociology)"
rHX7kSX7L0k,Pas√© un d√≠a con una tribu de cazadores africanos | ¬øC√≥mo viven? | Hadzabes - Tanzania,"Ve las escenas sin censura que no inclu√≠ en este reportaje AQU√ç https://youtu.be/pFipb5IZOVM

¬°SUSCR√çBETE!

- Twitter https://www.twitter.com/LuisitoComunica
- Facebook http://www.facebook.com/LuisitoComunica
- Instagram http://www.instagram.com/LuisitoComunica",2020-10-01T23:24:39Z,PT24M28S,UCECJDeK0MNapZbpaOzxrUPA,Luisito Comunica,https://i.ytimg.com/vi/rHX7kSX7L0k/default.jpg,24367391,531102,23784,23,"https://en.wikipedia.org/wiki/Hobby,https://en.wikipedia.org/wiki/Lifestyle_(sociology)"
UuTcTAu__pY,Probando comida callejera en TURQU√çA | ¬øEl origen de los tacos?,"A los turcos les gusta jugar con la comida. Mi mam√° toda mi vida me dijo que eso no se hace, pero ellos parecen divertirse haci√©ndolo. ¬°Luisillo el Gordillo est√° de vuelta! :D

* M√∫sica por TURGAY √ñZ√áELƒ∞K - VUR PATLASIN √áAL OYNASIN https://www.youtube.com/channel/UCtyqTW92AIERjGiE96L2xew
- Used under license Creative Commons 3.0 https://creativecommons.org/licenses/by/3.0/
- As listed on the Creative Commons section of YouTube, all terms are respected https://support.google.com/youtube/answer/2797468

¬°SUSCR√çBETE!

- Twitter https://www.twitter.com/LuisitoComunica
- Facebook http://www.facebook.com/LuisitoComunica
- Instagram http://www.instagram.com/LuisitoComunica",2017-12-09T18:47:49Z,PT10M47S,UCECJDeK0MNapZbpaOzxrUPA,Luisito Comunica,https://i.ytimg.com/vi/UuTcTAu__pY/default.jpg,24182134,574117,25844,23,"https://en.wikipedia.org/wiki/Food,https://en.wikipedia.org/wiki/Lifestyle_(sociology),https://en.wikipedia.org/wiki/Tourism"
klsmySdNbiU,Probando comida callejera en COLOMBIA üá®üá¥ | ¬øLa verdadera arepa? ü´ìüòã,"Luisillo El Gordillo se aventura por Colombia. Fue una deliciosa traves√≠a

- C√°mbiate a PILLOFON, mi compa√±√≠a telef√≥nica https://pillofon.mx/
- Checa REY PALOMO, mi marca de ropa https://elreypalomo.com/
- Mi podcast ""En Cortinas"" https://www.youtube.com/channel/UCBGTa75yKQ84Q6Pcr3NQ_RA
- Mi canal de historias @Luisito Comunica Stories   https://www.youtube.com/channel/UCMw2OXRkEZ72sYBy8T56tqA

¬°SUSCR√çBETE!

- S√≠gueme en Instagram @LuisitoComunica http://www.instagram.com/LuisitoComunica
- S√≠gueme en Facebook http://www.facebook.com/LuisitoComunica
- Twitter https://www.twitter.com/LuisitoComunica",2021-06-07T21:38:10Z,PT18M50S,UCECJDeK0MNapZbpaOzxrUPA,Luisito Comunica,https://i.ytimg.com/vi/klsmySdNbiU/default.jpg,24106322,537260,54929,24,"https://en.wikipedia.org/wiki/Food,https://en.wikipedia.org/wiki/Lifestyle_(sociology)"
QX4SIUwYOHE,La vida de los africanos n√≥madas ganaderos | Mundari: Sud√°n del Sur üá∏üá∏,"Ve la segunda parte de esta tribu aqu√≠ https://youtu.be/XQM0MZYUweIüëàüèΩ

- C√°mbiate a PILLOFON, mi compa√±√≠a telef√≥nica https://pillofon.mx/
- Checa REY PALOMO, mi marca de ropa https://elreypalomo.com/
- Mi podcast ""En Cortinas"" https://www.youtube.com/channel/UCBGTa75yKQ84Q6Pcr3NQ_RA
- Mi canal de historias @Luisito Comunica Stories   https://www.youtube.com/channel/UCMw2OXRkEZ72sYBy8T56tqA

¬°SUSCR√çBETE!

- S√≠gueme en Instagram @LuisitoComunica http://www.instagram.com/LuisitoComunica
- S√≠gueme en Facebook http://www.facebook.com/LuisitoComunica
- Twitter https://www.twitter.com/LuisitoComunica",2021-03-03T22:04:57Z,PT16M48S,UCECJDeK0MNapZbpaOzxrUPA,Luisito Comunica,https://i.ytimg.com/vi/QX4SIUwYOHE/default.jpg,23579600,455337,15175,23,
TyMUxoQxIPA,Me dejan entrar a este pa√≠s con la condici√≥n de no grabar NADA de lo que pasa...,"* En mi Twitter est√° la informaci√≥n m√°s actualizada sobre nuestra misi√≥n: https://twitter.com/LuisitoComunica/status/935970259689000960

- Puedes donar y enterarte m√°s de la situaci√≥n aqu√≠: https://www.gofundme.com/love-army-for-rohingya
* Todas las donaciones ser√°n recaudadas por Love Army y destinadas de manera directa

* Actualmente en Bangladesh comunicando para Am√©rica Latina:
- https://twitter.com/JuanamartinezH
- https://twitter.com/Juanjaramilloe
- https://twitter.com/villalobossebas

¬°SUSCR√çBETE!

- Twitter https://www.twitter.com/LuisitoComunica
- Facebook http://www.facebook.com/LuisitoComunica
- Instagram http://www.instagram.com/LuisitoComunica",2017-11-29T20:42:16Z,PT10M39S,UCECJDeK0MNapZbpaOzxrUPA,Luisito Comunica,https://i.ytimg.com/vi/TyMUxoQxIPA/default.jpg,23223914,941988,29567,23,"https://en.wikipedia.org/wiki/Politics,https://en.wikipedia.org/wiki/Society"
ywk4JiHqV8E,Viaj√© al pa√≠s m√°s pobre del mundo: ¬øc√≥mo es la vida? | Sud√°n del Sur üá∏üá∏,"Visitamos Sud√°n del Sur, pa√≠s que en 2021, de acuerdo a diversos estudios, es el pa√≠s m√°s pobre del mundo. Un estilo de vida muy contrastable.

- Mi podcast ""En Cortinas"" https://www.youtube.com/channel/UCBGTa75yKQ84Q6Pcr3NQ_RA
- Mi canal de historias @Luisito Comunica Stories   https://www.youtube.com/channel/UCMw2OXRkEZ72sYBy8T56tqA

¬°SUSCR√çBETE!

- S√≠gueme en Instagram @LuisitoComunica http://www.instagram.com/LuisitoComunica
- S√≠gueme en Facebook http://www.facebook.com/LuisitoComunica
- Twitter https://www.twitter.com/LuisitoComunica",2021-02-26T22:17:49Z,PT25M54S,UCECJDeK0MNapZbpaOzxrUPA,Luisito Comunica,https://i.ytimg.com/vi/ywk4JiHqV8E/default.jpg,22517071,366817,19560,23,https://en.wikipedia.org/wiki/Lifestyle_(sociology)
8h6xJcH-mX8,Los dentistas y doctores CALLEJEROS de Pakist√°n üáµüá∞üë®üèΩ‚Äç‚öïÔ∏è,"Comienza la aventura por Pakist√°n. Suscr√≠bete, que no te querr√°s perder ni uno de los √©picos videos que se vienen :D

- C√°mbiate a PILLOFON, mi compa√±√≠a telef√≥nica https://pillofon.mx/
- Checa REY PALOMO, mi marca de ropa https://elreypalomo.com/
- Mi podcast ""En Cortinas"" https://www.youtube.com/channel/UCBGTa75yKQ84Q6Pcr3NQ_RA
- Mi canal de historias @Luisito Comunica Stories   https://www.youtube.com/channel/UCMw2OXRkEZ72sYBy8T56tqA

¬°SUSCR√çBETE!

- S√≠gueme en Instagram @LuisitoComunica http://www.instagram.com/LuisitoComunica
- S√≠gueme en Facebook http://www.facebook.com/LuisitoComunica
- Twitter https://www.twitter.com/LuisitoComunica

Editor:@YEIYO1",2021-03-29T20:05:37Z,PT20M57S,UCECJDeK0MNapZbpaOzxrUPA,Luisito Comunica,https://i.ytimg.com/vi/8h6xJcH-mX8/default.jpg,22424006,468098,27143,23,https://en.wikipedia.org/wiki/Society
dFzM3LlQjAA,¬øC√≥mo es dormir en un HOTEL BURBUJA? | Camping Lujoso,"Vaya dato burbujeador...

¬°SUSCR√çBETE!

- Twitter https://www.twitter.com/LuisitoComunica
- Facebook http://www.facebook.com/LuisitoComunica
- Instagram http://www.instagram.com/LuisitoComunica",2020-02-19T19:01:14Z,PT13M27S,UCECJDeK0MNapZbpaOzxrUPA,Luisito Comunica,https://i.ytimg.com/vi/dFzM3LlQjAA/default.jpg,22273096,618939,18064,23,"https://en.wikipedia.org/wiki/Lifestyle_(sociology),https://en.wikipedia.org/wiki/Tourism"
RX1KvKsGx2w,"Visit√© la ciudad donde solamente vive una persona | Epecu√©n, Argentina","¬°SUSCR√çBETE!

-M√∫sica: https://soundcloud.com/la-cantina/about-the-mule
* Used under a Creative Commons License granted through Soundcloud https://creativecommons.org/licenses/... / Utilizadas bajo una licencia Creative Commons otorgada a trav√©s de Soundcloud https://creativecommons.org/licenses/...

- Twitter https://www.twitter.com/LuisitoComunica
- Facebook http://www.facebook.com/LuisitoComunica
- Instagram http://www.instagram.com/LuisitoComunica",2019-05-07T18:45:00Z,PT19M30S,UCECJDeK0MNapZbpaOzxrUPA,Luisito Comunica,https://i.ytimg.com/vi/RX1KvKsGx2w/default.jpg,22162329,803006,44270,23,"https://en.wikipedia.org/wiki/Lifestyle_(sociology),https://en.wikipedia.org/wiki/Tourism"
K96CdjiF3FQ,Probando COMIDA CALLEJERA en Panam√°,"Luisillo El Gordillo se aventura por tierras paname√±as. Se vuelve m√°s gordo de lo que ya era.

- Nueva l√≠nea de ropa Rey Palomo https://elreypalomo.com/

- M√∫sica https://soundcloud.com/dj-nirso/psicodelica-con-arpa-dj-nirso
* Usada bajo licencia Creative Commons 3.0 otorgada a trav√©s de Soundcloud https://creativecommons.org/licenses/by/3.0/

¬°SUSCR√çBETE!

- Twitter https://www.twitter.com/LuisitoComunica
- Facebook http://www.facebook.com/LuisitoComunica
- Instagram http://www.instagram.com/LuisitoComunica",2019-04-09T20:15:01Z,PT19M21S,UCECJDeK0MNapZbpaOzxrUPA,Luisito Comunica,https://i.ytimg.com/vi/K96CdjiF3FQ/default.jpg,22179477,423610,26816,23,"https://en.wikipedia.org/wiki/Food,https://en.wikipedia.org/wiki/Lifestyle_(sociology),https://en.wikipedia.org/wiki/Tourism"
DtMkpxWkV3o,EL PEOR DESAYUNO!,"Una aventura m√°s por las calles de Nueva York.

- M√∫sica (mix) por DJ Masaya: https://soundcloud.com/dj_masaya

¬°SUSCR√çBETE!

- Twitter @LuisitoComunica :::: https://www.twitter.com/LuisitoComunica
- Facebook :::: http://www.facebook.com/LuisitoComunica
- Instagram @LuisitoComunica :::: http://www.instagram.com/LuisitoComunica
- Vine @LuisitoComunica",2016-06-24T22:10:48Z,PT12M35S,UCECJDeK0MNapZbpaOzxrUPA,Luisito Comunica,https://i.ytimg.com/vi/DtMkpxWkV3o/default.jpg,22053396,477317,13731,23,"https://en.wikipedia.org/wiki/Food,https://en.wikipedia.org/wiki/Lifestyle_(sociology),https://en.wikipedia.org/wiki/Tourism"
K00UfYqG0n4,Compr√© el iPhone 11: ¬øvale la pena gastar TANTO?,"Nueva merch palomona aqu√≠ https://elreypalomo.com/collections/todos-los-productos?sort_by=created-descending

M√∫sica por :https://soundcloud.com/montoyamusic
¬°SUSCR√çBETE!

- Twitter https://www.twitter.com/LuisitoComunica
- Facebook http://www.facebook.com/LuisitoComunica
- Instagram http://www.instagram.com/LuisitoComunica",2019-09-23T20:37:51Z,PT12M42S,UCECJDeK0MNapZbpaOzxrUPA,Luisito Comunica,https://i.ytimg.com/vi/K00UfYqG0n4/default.jpg,22042494,762639,56374,23,"https://en.wikipedia.org/wiki/Lifestyle_(sociology),https://en.wikipedia.org/wiki/Technology"
BoVDhmRD7H0,Un d√≠a trabajando en una RESERVA DE PANDAS! | China,"Particip√© en un programa de voluntariado, en el cual pude ver much√≠simos pandas y aprender sobre estos √âPICOS animales.

- Trailer de ""Nacidos en China"" https://youtu.be/jGFutnfRncA

* M√∫sica: Cool Sh√¨j√¨ - Driussi https://youtu.be/Apfkm6ahdi4
- Desc√°rgala en Soundcloud! https://soundcloud.com/joaquindriussi/cool-shiji
- Sigue a Driussi en Instagram https://www.instagram.com/joacodriussi/
- Sigue a Driussi en Soundcloud https://soundcloud.com/joaquindriussi

¬°SUSCR√çBETE!

- Twitter @LuisitoComunica :::: https://www.twitter.com/LuisitoComunica
- Facebook :::: http://www.facebook.com/LuisitoComunica
- Instagram @LuisitoComunica :::: http://www.instagram.com/LuisitoComunica
- Vine @LuisitoComunica",2017-04-21T18:27:35Z,PT12M40S,UCECJDeK0MNapZbpaOzxrUPA,Luisito Comunica,https://i.ytimg.com/vi/BoVDhmRD7H0/default.jpg,22009840,596708,21577,23,"https://en.wikipedia.org/wiki/Lifestyle_(sociology),https://en.wikipedia.org/wiki/Tourism"
nGvd0HETDWI,¬øPor qu√© dicen que √©ste es EL MEJOR pa√≠s del mundo? | Finlandia,"Finlandia es un pa√≠s con un desarrollo que impresiona a muchos. Aqu√≠ el comienzo de esta traves√≠a. 

Momentos en el video:
00:00 INTRO
02:52 Aman los saunas
04:09 Los extranjeros no se acostumbran a vivir ah√≠. 
05:17 La calle derrite la nieve autom√°ticamente
05:51 Palabras en finland√©s
06:43 La famosa catedral de Helsinki  
07:00 Multas de velocidad Millonarias
09:10 La biblioteca m√°s moderna del mundo
10:34 Impresoras 3d
11:12 Estudios profesionales de grabaci√≥n
11:35 Puedes rentar videojuegos y pel√≠culas gratis.
12:12 Es un pa√≠s muy bebedor
13:37 Aqu√≠ son las oficinas de SUPER CELL creadores de Clash Royale 
14:26 Transporte publico muy moderno
14:41 No te piden nunca tu boleto
15:11 S√≠ te cachan debes pagar una gran multa
16:38 Despedida.

- C√°mbiate a PILLOFON, mi compa√±√≠a telef√≥nica https://pillofon.mx/
- Checa REY PALOMO, mi marca de ropa https://elreypalomo.com/
- Mi podcast ""En Cortinas"" https://www.youtube.com/channel/UCBGTa75yKQ84Q6Pcr3NQ_RA
- Mi canal de historias @Luisito Comunica Stories   https://www.youtube.com/channel/UCMw2OXRkEZ72sYBy8T56tqA

¬°SUSCR√çBETE!

- S√≠gueme en Instagram @LuisitoComunica http://www.instagram.com/LuisitoComunica
- S√≠gueme en Facebook http://www.facebook.com/LuisitoComunica
- Twitter https://www.twitter.com/LuisitoComunica",2021-12-06T19:29:44Z,PT17M21S,UCECJDeK0MNapZbpaOzxrUPA,Luisito Comunica,https://i.ytimg.com/vi/nGvd0HETDWI/default.jpg,21995410,315867,9080,23,"https://en.wikipedia.org/wiki/Politics,https://en.wikipedia.org/wiki/Society"
WoHOmR0ACac,As√≠ era vivir adentro de un campo de concentraci√≥n NAZI | Sachsenhausen,"Una de las muestras m√°s fuertes de discriminaci√≥n que la humanidad ha dejado...

* M√∫sica: Solitude - Muciojad https://youtu.be/TLf8Ll3drJc
- Usada con licencia Creative Commons 3.0 https://creativecommons.org/licenses/by-sa/3.0/
- Soundcloud del artista https://soundcloud.com/muciojad/solitude
- Facebook del artista https://www.facebook.com/MuciojadMusic
- Bandcamp del artista https://muciojad.bandcamp.com/releases

- Ve el video que Andy hizo ese d√≠a https://www.youtube.com/user/AndyGMes

¬°SUSCR√çBETE!

- Twitter https://www.twitter.com/LuisitoComunica
- Facebook http://www.facebook.com/LuisitoComunica
- Instagram http://www.instagram.com/LuisitoComunica",2017-09-13T19:29:46Z,PT14M30S,UCECJDeK0MNapZbpaOzxrUPA,Luisito Comunica,https://i.ytimg.com/vi/WoHOmR0ACac/default.jpg,21726752,865894,38609,23,
km_Z-0ocFpg,¬øC√≥mo es criar a un hijo ADENTRO de la c√°rcel? | Prisi√≥n de Mujeres,"M√°s videos de la vida en prisi√≥n aqu√≠:
- C√°rcel muy vieja y corrompida https://youtu.be/9S_cpitI3jU
- C√°rcel de m√°xima seguridad https://youtu.be/VWmcAc7XaKw
- Cierre de prisi√≥n de mujeres https://youtu.be/iOb13SoAJE8
- Celdas familiares para mujeres https://youtu.be/j8jGeIZXNe0

¬°SUSCR√çBETE!

M√∫sica por: https://soundcloud.com/vrunomusic


Inf√≥rmate sobre las labores de @Reinaserta aqu√≠ https://reinserta.org/
- Twitter https://www.twitter.com/LuisitoComunica
- Facebook http://www.facebook.com/LuisitoComunica
- Instagram http://www.instagram.com/LuisitoComunica",2020-01-23T20:45:27Z,PT13M2S,UCECJDeK0MNapZbpaOzxrUPA,Luisito Comunica,https://i.ytimg.com/vi/km_Z-0ocFpg/default.jpg,21620388,709204,32997,23,https://en.wikipedia.org/wiki/Society
uUPENpBbE5s,Viaj√© al POLO NORTE | ¬øC√≥mo es la fr√≠a vida? üßäü•∂,"Nos aventuramos por la Laponia Finlandesa, territorio dentro del c√≠rculo polar √°rtico. Seg√∫n ciertas interpretaciones, este sitio est√° dentro del Polo Norte. La vida es muy diferente‚Ä¶

Momentos en el video:
00:00 INTRO
00:58 ¬øD√≥nde esta el polo norte?
04:02 Caminado por un lago congelado 
05:42 Nadan dentro del hielo
06:33 Paseo en trineo para nieve
07:11 Perrito perdido en la nieve
08:06 M√°s de 100 perros viven ac√°
08:20 ¬øC√≥mo manejar un trineo?
10:52 Mis pesta√±as est√°n congeladas 
11:37 ¬øPor qu√© usan perros para los trineos?
13:21 Paseo por la noche en Moto nieve
14:48 Aurora boreales por las noches
15:23 A las 4:00 pm ya es de noche
16:56 Los coches se congelan muy r√°pido
17:43 Soy el meme de Jack Nicholson
18:00 Despedida

- C√°mbiate a PILLOFON, mi compa√±√≠a telef√≥nica https://pillofon.mx/
- Checa REY PALOMO, mi marca de ropa https://elreypalomo.com/
- Mi podcast ""En Cortinas"" https://www.youtube.com/channel/UCBGTa75yKQ84Q6Pcr3NQ_RA
- Mi canal de historias @Luisito Comunica Stories   https://www.youtube.com/channel/UCMw2OXRkEZ72sYBy8T56tqA

¬°SUSCR√çBETE!

- S√≠gueme en Instagram @LuisitoComunica http://www.instagram.com/LuisitoComunica
- S√≠gueme en Facebook http://www.facebook.com/LuisitoComunica
- Twitter https://www.twitter.com/LuisitoComunica",2021-12-13T22:06:45Z,PT18M27S,UCECJDeK0MNapZbpaOzxrUPA,Luisito Comunica,https://i.ytimg.com/vi/uUPENpBbE5s/default.jpg,21641061,403465,9492,23,"https://en.wikipedia.org/wiki/Lifestyle_(sociology),https://en.wikipedia.org/wiki/Tourism"
